date_ajout,statut,titre,quartier,adresse,prix,superficie_pi2,chambres,balcon,station_metro,ligne_metro,minutes_a_pied,site,lien,score,notes,photo
2026-08-03,NOUVEAU,"Spacieux 5½ (3 chambres, 2 salles de bain), garage - 20e Avenue (Rosemont, secteur Saint-Michel)",Rosemont-La Petite-Patrie (secteur Saint-Michel),"6940, 20e Avenue, app. 201, Montréal",2300,1186,3,oui,Saint-Michel,bleue,5,Centris,https://www.centris.ca/fr/condo-appartement~a-louer~montreal-rosemont-la-petite-patrie/17444358,9,"Construit en 2016, cuisine ouverte équipée, garage intérieur + casier (150$/mois en sus), aucun animal ni fumeur accepté, disponible 10 jours après acceptation de la promesse de location.",https://mspublic.centris.ca/media.ashx?id=ADDD250DE9F5F13DDDDDDDDDDA&t=pi&w=1260&h=1024&sm=c
2026-08-03,NOUVEAU,"Grand 7½ (3 chambres), balcon - rue Chambord, cœur du Plateau-Mont-Royal (près métro Mont-Royal)",Le Plateau-Mont-Royal,"n/d (rue Chambord, secteur Plateau-Mont-Royal, Montréal, QC H2J)",2150,1100,3,oui,Mont-Royal,orange,9,Kijiji,https://www.kijiji.ca/v-apartments-condos/ville-de-montreal/grand-appartement-7-1-2-en-plein-coeur-du-plateau-mont-royal/1741462514,9,"2e étage, hangar de rangement, donne sur ruelle verte, proche parc Lafontaine et avenue du Mont-Royal (commerces/cafés), animaux non acceptés, bail 1 an et vérification de crédit requis, disponible 1er août 2026.",https://media.kijiji.ca/api/v1/ca-prod-fsbo-ads/images/e6/e66e6372-3d63-48d5-9b7c-706f0d38f2cf?rule=kijijica-960-jpg
2026-08-03,NOUVEAU,"5½ rénové, grand balcon-terrasse - rue Joliette (Rosemont/Hochelaga, métro Joliette)",Rosemont-La Petite-Patrie (frontière Hochelaga-Maisonneuve),"4349, Rue Joliette, Montréal",2100,919,2,oui,Joliette,verte,8,Centris,https://www.centris.ca/fr/condo-appartement~a-louer~montreal-rosemont-la-petite-patrie/28184451,8,"Semi-meublé, cuisine et plancher récemment rénovés, beaucoup de rangement, douche séparée, chats acceptés (pas de chiens), non-fumeurs, disponible 1er septembre 2026.",https://mspublic.centris.ca/media.ashx?id=ADDD250DA41E42ADDDDDDDDDDB&t=pi&w=1024&h=640&sm=c
2026-08-03,NOUVEAU,"Grand appartement 3 chambres (8 pièces) - rue Cuvillier (Hochelaga-Maisonneuve, près métro Joliette)",Hochelaga-Maisonneuve,"2650, Rue Cuvillier, Montréal",2000,n/d,3,n/d,Joliette,verte,12,Centris,https://www.centris.ca/fr/condo-appartement~a-louer~montreal-mercier-hochelaga-maisonneuve/11424915,5,"Immeuble de 1931, unité de 8 pièces / 3 chambres, aire de vie ouverte et lumineuse, superficie exacte et présence d'un balcon non précisées dans l'annonce, disponible 1er juillet 2026, distance au métro à la limite maximale acceptée (12 min).",https://mspublic.centris.ca/media.ashx?id=ADDD250DA170DA6DDDDDDDDDDC&t=pi&w=1260&h=1024&sm=c
2026-07-31,vu,"Grand 7½ (5 chambres), 1400 pi², balcon - rue Chapleau près métro Frontenac/Préfontaine (Centre-Sud, bordure Plateau)",Ville-Marie (Centre-Sud),"Rue Chapleau, Montréal, QC H2K 3H7",2350,1400,5,oui,Frontenac,verte,10,Kijiji,https://www.kijiji.ca/v-apartments-condos/ville-de-montreal/7-et-demi-sur-le-plateau-mont-royal/1738856823,10,"Annonce présentée comme Plateau-Mont-Royal mais secteur réel Centre-Sud/Sainte-Marie, 2e étage de quadruplex, 5 chambres (5e utilisable en bureau), accès balcon arrière depuis la cuisine, chauffage/eau chaude/électroménagers inclus, près métro Frontenac et Préfontaine (ligne verte), proche parcs Baldwin et Lafontaine, animaux limités, non-fumeur, enquête de crédit, disponible 1er juillet 2026",https://media.kijiji.ca/api/v1/ca-prod-fsbo-ads/images/52/5257a7b0-8233-488d-96d5-c09b47904f54?rule=kijijica-960-jpg
2026-07-17,vu,"Joli 7½ (3 chambres), terrasse et cour - à 5 min du métro Joliette (Hochelaga)",Hochelaga-Maisonneuve,"n/d (Montréal, QC H1W 3C5)",2200,1200,3,oui,Joliette,verte,5,Kijiji,https://www.kijiji.ca/v-apartments-condos/ville-de-montreal/joli-7-lumineux-avec-terrasse-et-cour-a-5-min-metro-joliette/1740607211,10,"Rez-de-chaussée avec étage, balcon + grande terrasse arrière et cabanon, 1 stationnement inclus, lave-vaisselle et laveuse-sécheuse inclus, meubles disponibles au besoin, animaux acceptés sous conditions, bail au mois possible, dispo 1er août 2026",https://media.kijiji.ca/api/v1/ca-prod-fsbo-ads/images/51/51601618-bdf1-4776-88b2-c87738ad33ef?rule=kijijica-960-jpg
2026-07-15,vu,5 1/2 rénové 3 chambres près métro Joliette (cession de bail),Hochelaga-Maisonneuve,Près du parc Lalancette (adresse exacte n/d),2245,1100,3,oui,Joliette,verte,5,Marketplace,https://www.facebook.com/marketplace/item/1611452633675447,10,"Cession de bail. 1100 pi2 rénové, 3 grandes chambres fermées avec garde-robe dont une avec balcon, second balcon sur cour, locker au sous-sol, chauffage/eau chaude/wifi inclus. 5 min à pied du métro Joliette selon la fiche, dispo 1er août. Lien Facebook (connexion requise)",https://scontent-yyz1-1.xx.fbcdn.net/v/t39.30808-6/744782828_2425425677956674_6748123711102009567_n.jpg?stp=c0.123.1290.1290a_dst-jpg_tt6&cstp=mx1290x1290&ctp=s565x565&_nc_cat=106&ccb=1-7&_nc_sid=454cf4&_nc_ohc=QyFHGQtYXmAQ7kNvwGAvYTo&_nc_oc=Adq0n0QGekjLictcQqyNCD5OWzTZP-ByT68TnmMdUFrBRe8Gta7m-AQEhavEJDocpUc&_nc_zt=23&_nc_ht=scontent-yyz1-1.xx&_nc_gid=yYLPvMa76LbSuFVLINSV0A&_nc_ss=7f2a8&oh=00_AQDVDHWYGsY5IWfgFMiwv6A_Kyu3om9l3ovYSoj1ta0YRw&oe=6A5D72BA
2026-08-01,vu,"Grand 6½ rénové, 3 chambres, 2 balcons - Villeray (métro Jarry, 3 min à pied)",Villeray,"Montréal, QC H2R 2E8",2400,1250,3,oui,Jarry,orange,3,Kijiji,https://www.kijiji.ca/v-apartments-condos/ville-de-montreal/grand-6-1-2-villeray-metro-jarry/1741363911,9,"2e étage d'un triplex tranquille, double salon/salle à manger, cuisine avec îlot central, laveuse-sécheuse incluse, électroménagers inclus (locataire paie électricité/chauffage/internet), stationnement rue avec vignette possible, petit animal calme accepté sous conditions, non-fumeur, proche marché Jean-Talon et parc Jarry, dispo 1er août 2026",https://media.kijiji.ca/api/v1/ca-prod-fsbo-ads/images/78/78379141-9f70-4dc1-8e69-30ed1c6071f1?rule=kijijica-960-jpg
2026-07-31,vu,"Grand 5½ semi-meublé rénové - Villeray (près parc Jarry, 10 min du métro Jarry)",Villeray,"n/d (secteur parc Jarry, Montréal, QC H2P 2R6)",1980,1100,3,oui,Jarry,orange,10,Kijiji,https://www.kijiji.ca/v-apartments-condos/ville-de-montreal/grand-5-semi-meuble-fraichement-renove-dans-villeray/1741198079,9,"Semi-meuble (cuisiniere, frigo, laveuse-secheuse inclus), fraichement renove, grand balcon a l'arriere, acces par escalier interieur, animaux limites, disponible 1er aout 2026, egalement pres de la station Cremazie (10 min) et Castelnau (15 min, ligne bleue)",https://media.kijiji.ca/api/v1/ca-prod-fsbo-ads/images/9d/9d05477b-2684-4da7-b836-f8114a274323?rule=kijijica-960-jpg
2026-07-30,vu,"Grand 4½ meublé, 2 chambres, terrasse privée, 1347 pi² - rue Ontario Est (Hochelaga, à 10 min du métro Pie-IX)",Hochelaga-Maisonneuve,"3928, Rue Ontario Est, app. 35, Montréal",2250,1347,2,oui,Pie-IX,verte,10,Centris,https://www.centris.ca/fr/condo-appartement~a-louer~montreal-mercier-hochelaga-maisonneuve/17092786,9,"Meublé, cuisine moderne avec électroménagers haut de gamme, terrasse privée, chats acceptés, près du Marché Maisonneuve et du parc Maisonneuve, Walk Score 99, disponible 1er août 2026",https://mspublic.centris.ca/media.ashx?id=ADDD250DADFE30FDDDDDDDDDDF&t=pi&w=1260&h=1024&sm=c
2026-07-27,vu,"Grand logement 5½ sur deux niveaux, 3 chambres (2 au sous-sol), terrasse privée, +1300 pi² - rue Villeray",Villeray,"1180, Rue Villeray, Montréal, QC",2000,1300,3,oui,Jarry (estimé),orange,"n/d (estimé, non précisé par l'annonce)",Centris,https://www.centris.ca/fr/condo-appartement~a-louer~montreal-villeray-saint-michel-parc-extension/28201368,9,"Sur deux niveaux, 2 chambres au sous-sol, 2 salles de bain, terrasse privée accessible depuis le salon, climatisation, chats acceptés (chiens refusés), disponible 1er juillet 2026, vérification de crédit exigée. Walk Score 97. Distance exacte au métro non précisée par l'annonce.",https://mspublic.centris.ca/media.ashx?id=ADDD250DA12F7C2DDDDDDDDDDB&t=pi&w=1260&h=1024&sm=c
2026-07-25,vu,"5½ rénové, 2 chambres fermées, 1129 pi², balcons avant/arrière - rue Cartier (Plateau-Mont-Royal, près métro Laurier)",Le Plateau-Mont-Royal,"5228, Rue Cartier, Montréal",1990,1129,2,oui,Laurier,verte,"10 (estimé, à vérifier)",Centris,https://www.centris.ca/fr/condo-appartement~a-louer~montreal-le-plateau-mont-royal/27220680,9,"2e étage d'un triplex de 1910, planchers de bois franc, salle de bain rénovée, une chambre avec grand lit double, coin lavage en cuisine, rue Cartier paisible, proche cafés/restos/parcs, animaux acceptés sous conditions, non-fumeur, dispo 1er juillet 2026, Walk Score 97 (distance exacte au métro Laurier non précisée par l'annonce)",https://mspublic.centris.ca/media.ashx?id=ADDD250DADBB74ADDDDDDDDDD4&t=pi&w=1260&h=1024&sm=c
2026-07-25,vu,"7½ rénové, 2 chambres fermées + bureau, balcon, 1200 pi² - Hochelaga (près Marché Maisonneuve/stade olympique)",Hochelaga-Maisonneuve,"n/d (Montréal, QC H1V 2R6)",2200,1200,2,oui,Pie-IX (à vérifier),verte,8 (estimé),Kijiji,https://www.kijiji.ca/v-apartments-condos/ville-de-montreal/tres-beau-7-1-2-a-louer-hochelaga-maisonneuve/1741046490,9,"Bureau additionnel, cuisine rénovée 2026, planchers bois franc, brique apparente, balcons refaits 2022, eau incluse, animaux limités, dispo 1er sept 2026",https://media.kijiji.ca/api/v1/ca-prod-fsbo-ads/images/37/37a0bb71-8085-4aca-bff3-582aaf99c485?rule=kijijica-960-jpg
2026-07-25,vu,"6½ meublé, 2 chambres, balcon, 1200 pi² - Plateau, près métro Laurier",Le Plateau-Mont-Royal,"n/d (Montréal, QC H2T 2H8)",2400,1200,2,oui,Laurier,verte,7 (estimé),Kijiji,https://www.kijiji.ca/v-apartments-condos/ville-de-montreal/magnifique-grand-6-entierement-meuble-plateau-mont-royal/1739233013,9,"Entièrement meublé, climatisation, 5 puits de lumière, chauffage/électricité/câble/wifi inclus, aucun animal, prix à la limite haute du budget, dispo 1er juillet 2026",https://media.kijiji.ca/api/v1/ca-prod-fsbo-ads/images/89/89b9e4b6-ef43-486e-afb1-03c7fe8d1743?rule=kijijica-960-jpg
2026-07-25,vu,"7½ rénové, 3 chambres, terrasse arrière - Village, près métros Beaudry/Papineau",Ville-Marie (Village/Centre-Sud),"n/d (Rue Sainte-Catherine Est, secteur Village, Montréal)",2350,n/d,3,oui (terrasse arrière),Beaudry ou Papineau,verte,5 (estimé),Marketplace,https://www.facebook.com/marketplace/item/1667192434430051,9,"Terrasse arrière, planchers bois franc, boiserie style centenaire, climatisation murale, près pont Jacques-Cartier et nombreux restos/cafés, lien exige une connexion Facebook",https://scontent-yyz1-1.xx.fbcdn.net/v/t39.84726-6/692069772_26712358195041265_6975725434404613474_n.jpg?stp=c0.86.526.526a_dst-jpg_p526x395_tt6&_nc_cat=100&ccb=1-7&_nc_sid=92e707&_nc_ohc=K4QVlYLlbQQQ7kNvwE0KbUC&_nc_oc=Adrk3RVHHBi5OgoT14PLqzSx6d01I7y8L2T47es6h11qi8YHvRoE9bE1E0Q_zayt4sA&_nc_zt=14&_nc_ht=scontent-yyz1-1.xx&_nc_gid=AakSf6B1WC1yfj4w57lVGA&_nc_ss=7f2a8&oh=00_AQCYGPel-1aXi7quArIAJzfowcbz2xzXa35Ilq-Fz-dWhw&oe=6A6A7855
2026-07-23,vu,"Grand 5½ de 1240 pi² avec 2 balcons privés - rue de la Visitation (Centre-Sud), à 2 min du métro Beaudry",Centre-Sud,"1433, Rue de la Visitation, Montréal",2000,1240,2,oui,Beaudry,verte,2,Marketplace,https://www.facebook.com/marketplace/item/1675910780361896,9,"2 chambres fermées + 1 chambre ouverte, grande cuisine moderne avec îlot central, salle de bain rénovée avec espace laveuse/sécheuse, lien exige une connexion Facebook",https://scontent-yyz1-1.xx.fbcdn.net/v/t39.30808-6/747978141_10167419432889256_7838070296744630358_n.jpg?stp=c273.0.652.652a_dst-jpg_tt6&cstp=mx652x652&ctp=s565x565&_nc_cat=102&ccb=1-7&_nc_sid=454cf4&_nc_ohc=1BHIBLZMut0Q7kNvwGcjJKY&_nc_oc=AdqL6QD8fVTD7q3J4l5WBnexTjWzHzx5_JFODaqPJQYjJbX5CNPnTI7QmCUqQifrkxQ&_nc_zt=23&_nc_ht=scontent-yyz1-1.xx&_nc_gid=I01Huqn8cRYQWCF5daV0fw&_nc_ss=7f2a8&oh=00_AQCmBZgaUJOgbf9TtDkOp05R878cvx5VZPmstj6q8E25Kg&oe=6A686D2B
2026-07-23,vu,"Grand 5 1/2, 3 chambres - avenue St-Germain (Hochelaga), à 10 min du métro Préfontaine",Hochelaga-Maisonneuve,"1921 Rue St-Germain, Montréal (H1W 2T5)",2395,950,3,oui,Préfontaine,verte,10,Zumper,https://www.zumper.com/listings/20844079p/3-bedroom-hochelaga-montreal-qc,9,"Entièrement rénové, concept ouvert, climatisation, laveuse-sécheuse et lave-vaisselle inclus, grand balcon arrière, animaux acceptés, hydro en sus, disponible 1er oct. 2026 ; attention, la page affichait aussi 2495$ ailleurs sur l'annonce, à valider avant de contacter",https://img.zumpercdn.com/676603053/1280x960?auto=format
2026-07-23,vu,"Grand 6 1/2, 3 chambres avec cour - Parc-Jarry (Villeray), à 4 min du métro Jarry",Villeray,"Secteur Parc-Jarry (H2R 2E9), Montréal",1960,1200,3,oui,Jarry,orange,4,Zumper,https://www.zumper.com/apartments-for-rent/14724140p/3-bedroom-parc-jarry-montreal-qc,9,"Immeuble restauré de 1924, planchers de bois franc, plafonds 9 pieds, balcons avant et arrière, chats seulement, disponible août/sept. 2026 ; la page affichait des mentions de bail datées 2018-2019, à vérifier auprès du proprio avant de contacter",https://img.zumpercdn.com/222665685/1280x960?auto=format
2026-07-22,vu,7½ (3 chambres) avec grande terrasse privée et stationnement - rue Saint-Zotique (Rosemont),Rosemont-La Petite-Patrie,"3240, Rue Saint-Zotique, Montréal",2350,1200,3,oui,Beaubien,orange,8 (estimé),Kijiji,https://www.kijiji.ca/v-apartments-condos/ville-de-montreal/7-et-demi-rosemont-grande-terrasse-electros-parking/1740727544,9,"Grande terrasse privée, stationnement et électroménagers inclus, prix de 2350$ valable pour la première année, disponible 17 juillet 2026, à distance comparable de Beaubien et Jean-Talon",https://media.kijiji.ca/api/v1/ca-prod-dealer-ads/images/03/036d11a3-d7c6-4e9d-8e3b-3fe45643a4be?rule=kijijica-960-jpg
2026-07-21,vu,"5½ neuf (OVILA), 3 chambres, terrasses privées - avenue Bennett (Hochelaga-Maisonneuve, près métro Pie-IX)",Hochelaga-Maisonneuve,"2095, Avenue Bennett, Montréal",2400,1050,3,oui,Pie-IX,verte,7,DuProprio,https://duproprio.com/fr/location/montreal/mercier-hochelaga-maisonneuve/5-1-2-a-louer/hab-2095-avenue-bennett-1130234,9,"Construction neuve 2023-2024, climatisation murale, 5 électroménagers inclus, garde-robes walk-in, terrasses privées (BBQ permis), stationnement intérieur sécurisé + local vélo, ascenseur, juste en face du Marché Maisonneuve, superficie estimée entre 1050 et 1120 pi² selon l'annonce, à ~7 min du métro Pie-IX, prix à la limite haute du budget (2400$), disponibilité non précisée",https://photos.duproprio.com/photos/public/for_rent/202604/1130234/4-1-2-mercier-hochelaga-maisonneuve-1600-15613083.jpg
2026-07-20,vu,"5½ rénové de 3 chambres, balcon privé - rue Saint-Urbain (Plateau-Mont-Royal, près métro Rosemont)",Le Plateau-Mont-Royal,"5724 Rue Saint-Urbain, Montréal",2400,1134,3,oui,Rosemont (estimé),orange,12 (estimé),Centris,https://www.centris.ca/fr/condo-appartement~a-louer~montreal-le-plateau-mont-royal/27827280,9,"Immeuble de 1910, 2e étage, plafonds hauts, cuisine ouverte avec 4 électroménagers, disponible 1er septembre 2026 (option 1er octobre), walk score 96, distance au métro estimée par géolocalisation (non confirmée textuellement par la fiche)",https://mspublic.centris.ca/media.ashx?id=ADDD250DA13BF5BDDDDDDDDDDA&t=pi&w=1260&h=1024&sm=c
2026-07-19,vu,"4½ rénové, 2 chambres, 2 balcons - 38e Avenue (Rosemont)",Rosemont-La Petite-Patrie,"6180, 38e Avenue, Montréal",1900,1180,2,oui,Pie-IX (à vérifier),verte,12 (estimé),DuProprio,https://duproprio.com/fr/location/montreal/rosemont-la-petite-patrie/4-1-2-a-louer/hab-6180-38e-avenue-1129076,9,"RDC, 2 grandes chambres fermées, balcon avant et arrière, garage détaché + 1 place intérieure + 2 extérieures, rangement au sous-sol, cour arrière, animaux négociables, disponible maintenant (1er septembre), distance au métro Pie-IX estimée depuis l'adresse (non confirmée par l'annonce)",https://photos.duproprio.com/photos/public/for_rent/202604/1129076/4-1-2-rosemont-petite-patrie-600-15587619.jpg
2026-07-18,vu,"Grand logement 6½ tout rénové, 1350 pi², 2 balcons - coeur de Villeray, à 1 min du métro Jarry",Villeray,"n/d (Montréal, QC H2P 2K6)",2175,1350,4,oui,Jarry,orange,1,Kijiji,https://www.kijiji.ca/v-apartments-condos/ville-de-montreal/grand-logement-6-1-2-au-coeur-de-villeray-tout-renove/1738688321,9,"Rénové, climatisation, laveuse-sécheuse incluse, dispo 15 juin 2026",https://media.kijiji.ca/api/v1/ca-prod-fsbo-ads/images/d0/d043ccd7-f8fc-4b34-97cc-d3dbf9d62374?rule=kijijica-960-jpg
2026-07-17,vu,"5½ (3 chambres fermées), 1100 pi² - Plateau-Mont-Royal",Le Plateau-Mont-Royal,"3984, rue De Bullion, Montréal (H2W 2E4)",2275,1100,3,oui,Sherbrooke ou Mont-Royal (à vérifier),orange,10,Kijiji,https://www.kijiji.ca/v-apartments-condos/ville-de-montreal/5-1-2-au-plateau-three-3-bedroom-apartment-in-plateau/1740633307,9,"Chauffage électrique non inclus, animaux acceptés, planchers bois franc, électroménagers inclus, dispo 1er août 2026 (bail 1 an)",https://media.kijiji.ca/api/v1/ca-prod-fsbo-ads/images/64/64cccc9c-2b44-43ab-bc78-5ef6a4df00f6?rule=kijijica-960-jpg
2026-07-16,vu,"Grand 5½ 3 chambres fermées, balcon avant/arrière - près métro Fabre (Villeray)",Villeray,"Villeray (adresse exacte n/d), Montréal",2395,1200,3,oui,Fabre,bleue,10 (estimé),Kijiji,https://www.kijiji.ca/v-apartments-condos/ville-de-montreal/grand-5-3cac-metro-fabre-villeray-rosemont/1739951076,9,"6-plex, climatisation, sécurité 24h/concierge, stationnement vélo, station BIXI proche, chats acceptés seulement, non-fumeur, dispo 1er juillet 2026, chauffage non inclus",https://media.kijiji.ca/api/v1/ca-prod-fsbo-ads/images/2a/2a8f9aa3-ccb1-4d96-b244-4a697637e49c?rule=kijijica-960-jpg
2026-07-15,vu,"5 1/2 balcon, 3 chambres – Rosemont (14e Avenue / Masson)",Rosemont-La Petite-Patrie,"n/d (Montréal, QC H1X 2W2, secteur 14e Avenue/Masson)",2250,1100,3,oui,Beaubien,orange,11,Kijiji,https://www.kijiji.ca/v-apartments-condos/ville-de-montreal/3-beds-2-baths-apartment/1740599440,9,"Unité au rez-de-chaussée d'un duplex/triplex, salon-solarium lumineux, cour arrière privée, garage intérieur + stationnement extérieur, climatisation, pas d'animaux, dispo 1er août 2026",https://media.kijiji.ca/api/v1/ca-prod-dealer-ads/images/69/69d4ef7d-f6c5-401d-a2f8-9ca904eb6639?rule=kijijica-960-jpg
2026-08-03,vu,"4½ duplex 950 pi², 2 chambres, 4 terrasses - Centre-Sud/Hochelaga (6 min métro Frontenac / 8 min Préfontaine)",Ville-Marie (Centre-Sud) / Hochelaga-Maisonneuve,"n/d (Montréal, QC H2K 2R7)",2150,950,2,oui,Frontenac,verte,6,Kijiji,https://www.kijiji.ca/v-apartments-condos/ville-de-montreal/4-duplex-950-pi-2-chambres-4-terrasses-internet-inclus/1741461785,8,"Cession de bail, disponible 12 septembre 2026, 4 terrasses/balcons, internet inclus, chats acceptes et chiens sur approbation, thermopompe (chauffage/climatisation), egalement a 8 min du metro Prefontaine.",https://media.kijiji.ca/api/v1/ca-prod-fsbo-ads/images/34/34a376ec-b257-4044-8994-f129e5920e8c?rule=kijijica-960-jpg
2026-08-02,vu,"Grand 4½ rénové, 2 chambres, 1200 pi², 2 balcons - Saint-Henri (Marketplace)",Saint-Henri (Sud-Ouest),"n/d (face au parc Sir-George-Étienne-Cartier), Montréal",2395,1200,2,oui,St-Henri,orange,8,Marketplace,https://www.facebook.com/marketplace/item/155798346069333,8,"Entièrement rénové, planchers chauffants cuisine et salle de bain, eau chaude incluse (électricité non incluse), animaux acceptés sur demande, non-fumeur, disponible immédiatement, près du marché Atwater et du canal de Lachine. Lien exige une connexion Facebook.",https://scontent-ord5-2.xx.fbcdn.net/v/t1.6435-9/137578251_10158940020512368_2403743444301173295_n.jpg?stp=c34.0.567.567a_dst-jpg_tt6&cstp=mx567x567&ctp=s565x565&_nc_cat=103&ccb=1-7&_nc_sid=946e27&_nc_ohc=39heVC1ViWkQ7kNvwFxoVHd&_nc_oc=AdrSvAT2VrwzWLUQ0KajlXxpRh2m1SvPjDz1xXJRxDkYVFvlZWPk5k-j_bKA9sYFkeU&_nc_zt=23&_nc_ht=scontent-ord5-2.xx&_nc_gid=2aY9pe_D1qPZRQwBRT2GtA&_nc_ss=7f2a8&oh=00_AQGfGTjfCY59jhPRkRpE__PuQYgQDZoKLpz6BkImhRkJew&oe=6A970F3C
2026-08-02,vu,"Grand 3 chambres rénové, 2 balcons - Rosemont Nord",Rosemont-La Petite-Patrie,"3227, Rue Saint-Zotique Est, Montréal",2000,960,3,oui,Beaubien,orange,6,Centris,https://www.centris.ca/fr/condo-appartement~a-louer~montreal-rosemont-la-petite-patrie/26424558,8,"Dernier étage d'un triplex dans Rosemont Nord, aire ouverte, cuisine avec grand îlot et comptoirs de quartz, planchers de bois, électroménagers inclus, semi-meublé, animaux acceptés sous conditions, non-fumeur, Walk Score 93, disponible 1er septembre 2026",https://mspublic.centris.ca/media.ashx?id=ADDD250DA4D5692DDDDDDDDDDE&t=pi&w=1260&h=1024&sm=c
2026-08-01,vu,"4½ avec jardin privatif, 2 chambres, balcon et terrasse - rue Bourbonnière (Hochelaga, 5 min métro Joliette/Pie-IX)",Hochelaga-Maisonneuve,"1693 Avenue Bourbonnière, Montréal, QC H1W 3N5",1990,900,2,oui,Joliette,verte,5,Kijiji,https://www.kijiji.ca/v-apartments-condos/ville-de-montreal/4-1-2-avec-jardin-privatif-disponible-maintenant/1741230362,8,"Rez-de-chaussée avec jardin privé exclusif, 1 stationnement inclus, laveuse-sécheuse, bain tourbillon et plancher chauffant à la salle de bain, électroménagers neufs, thermopompe murale, non-fumeur, aucun animal, bail 1 an, dispo 1er août 2026, à quelques minutes des métros Joliette et Pie-IX",https://media.kijiji.ca/api/v1/ca-prod-fsbo-ads/images/c7/c7e90458-a85d-4c17-a718-ee2fecaca5a3?rule=kijijica-960-jpg
2026-07-29,vu,"Appartement 3 chambres, jardin privé et parking - Hochelaga (4 min du métro Joliette)",Hochelaga-Maisonneuve,"n/d (Montréal, QC H1W 3A8)",1922,1200,3,n/d,Joliette,verte,4,Kijiji,https://www.kijiji.ca/v-apartments-condos/ville-de-montreal/appartement-3-chambres-jardin-et-parking-a-hochelaga/1741215188,8,"Cession de bail jusqu'au 1er juillet 2027 (renouvelable), grande chambre double divisible par portes françaises, cour privee et 1 stationnement inclus, animaux (chats) acceptes, disponible 1er septembre 2026, aucune mention de balcon.",https://media.kijiji.ca/api/v1/ca-prod-fsbo-ads/images/56/56798e7e-527c-479d-98d6-a5507561f1fc?rule=kijijica-960-jpg
2026-07-27,vu,"4½ rénové, 2 chambres fermées, balcon, 1060 pi² - Plateau-Mont-Royal (proche métro Mont-Royal et Laurier)",Le Plateau-Mont-Royal,"n/d (Montréal, QC H2T 1R2)",2000,1060,2,oui,Mont-Royal / Laurier,verte,"n/d (à proximité, non précisé)",Kijiji,https://www.kijiji.ca/v-apartments-condos/ville-de-montreal/4-5-a-louer-for-rent-a-montreal/1740574295,8,"Cuisine et salle de bain rénovées, laveuse-sécheuse et lave-vaisselle inclus, disponible 14 juillet 2026, animaux non acceptés. Proche marché Jean-Talon et rues commerçantes. Distance exacte au métro non précisée dans l'annonce.",https://media.kijiji.ca/api/v1/ca-prod-fsbo-ads/images/81/81465b98-f467-42c0-b787-6b73694a8b76?rule=kijijica-960-jpg
2026-07-26,vu,"2+1 chambres, 1286 pi², balcon privé - avenue Somerled (NDG, près métro Villa-Maria)",Notre-Dame-de-Grâce,"5622, Avenue Somerled, Montréal",2225,1286,2,oui,Villa-Maria,orange,11 (estimé),Marketplace,https://www.facebook.com/marketplace/item/1754611555548011,8,"2 chambres + bureau polyvalent à l'étage, planchers de bois franc, cuisine rénovée, laveuse-sécheuse, climatiseur mural, balcon privé, à quelques pas du Village Monkland (commerces/cafés). Hors des quartiers prioritaires (NDG), ligne orange (pas verte). Preuve d'assurance et de revenu exigées, animaux non permis. Lien Facebook (connexion requise).",https://scontent-yyz1-1.xx.fbcdn.net/v/t39.84726-6/741906764_999333282900431_4323348310788966668_n.jpg?stp=c135.0.540.540a_dst-jpg_p180x540_tt6&_nc_cat=101&ccb=1-7&_nc_sid=92e707&_nc_ohc=e7mVA1XcBRIQ7kNvwFL7uZt&_nc_oc=AdqnFzyRZtxb7ka1eYUWiztJMyEoOnHjXRXo5ojOmyif9_CGvypBkMyBQytmKVgrTEA&_nc_zt=14&_nc_ht=scontent-yyz1-1.xx&_nc_gid=DKAPrnNgmI9udtZ3TamYHQ&_nc_ss=7f2a8&oh=00_AQAGyvXY24_iW0FUCA37EJ_3WuUlTOiALImCM8ETmYcvEw&oe=6A6BCCAC
2026-07-26,vu,"5½ meublé, 3 chambres, 980 pi², 2 balcons - rue Fabre (Rosemont, près métro Beaubien)",Rosemont-La Petite-Patrie,"6334, Rue Fabre, Montréal",2200,980,3,oui,Beaubien,orange,7 (estimé),DuProprio,https://duproprio.com/fr/location/montreal/rosemont-la-petite-patrie/5-1-2-a-louer/hab-6334-rue-fabre-796253,8,"Semi-meublé, chauffage et électroménagers inclus, dernier étage, deux petits balcons, animaux acceptés, disponible immédiatement. Distance exacte au métro Beaubien non confirmée par l'annonce (estimée à partir de l'adresse).",https://photos.duproprio.com/photos/public/for_rent/201804/796253/5-1-2-rosemont-petite-patrie-1600-8635638.jpg
2026-07-25,vu,"4½ neuf (OVILA), 2 chambres, terrasses privées, 800-1050 pi² - avenue Bennett (Hochelaga-Maisonneuve, près métro Pie-IX)",Hochelaga-Maisonneuve,"2095, Avenue Bennett, Montréal",1975,900,2,oui,Pie-IX,verte,7 (estimé),DuProprio,https://duproprio.com/fr/location/montreal/mercier-hochelaga-maisonneuve/4-1-2-a-louer/hab-2095-avenue-bennett-1130232,8,"Construction neuve 2023-2024 (même immeuble OVILA que le 5½ déjà répertorié), superficie variable 800-1050 pi² selon l'unité, terrasses privées (BBQ permis), 5 électroménagers inclus, climatisation murale, stationnement intérieur sécurisé + local vélo, ascenseur, juste en face du Marché Maisonneuve, disponibilité non précisée",https://photos.duproprio.com/photos/public/for_rent/202604/1130232/3-1-2-mercier-hochelaga-maisonneuve-1600-15613061.jpg
2026-07-25,vu,"6½ lumineux, 2 chambres (+ 3e possible), balcon privé - Plateau, à 10 min du métro Mont-Royal",Le Plateau-Mont-Royal,"n/d (secteur avenue Mont-Royal, Montréal)",2150,n/d,2,oui (grand balcon privé),Mont-Royal,verte,10,Marketplace,https://www.facebook.com/marketplace/item/973452448907992,8,"Possibilité de 3e chambre sans fenêtre, à 3 min de l'avenue Mont-Royal et ses commerces, réfrigérateur/cuisinière/lave-vaisselle non inclus, dispo 1er juillet, lien exige une connexion Facebook",https://scontent-yyz1-1.xx.fbcdn.net/v/t39.30808-6/722412619_1617305450011741_6846067607866144954_n.jpg?stp=c0.169.1537.1537a_dst-jpg_tt6&cstp=mx1537x1537&ctp=s565x565&_nc_cat=110&ccb=1-7&_nc_sid=454cf4&_nc_ohc=i88TCt10YGMQ7kNvwEnUsao&_nc_oc=AdrvLp-lCdA5ACif3RiqpRsnZSFYYbio12l9aPpcJgaEV6yKGgapKeozdS-BwYw-o4k&_nc_zt=23&_nc_ht=scontent-yyz1-1.xx&_nc_gid=fvFLeV7qKVviv4IuubP9nA&_nc_ss=7f2a8&oh=00_AQAd5veOG2wwylzp4NkrAahwV01Fgfi6q3HfSwQ0p9yT_w&oe=6A6A6CB2
2026-07-25,vu,"4½ rénové, 2 chambres fermées, balcon - Plateau (boul. Saint-Laurent)",Le Plateau-Mont-Royal,"4655, Boulevard Saint-Laurent, Montréal",2150,n/d,2,oui,Mont-Royal (à vérifier),verte,11 (estimé),Marketplace,https://www.facebook.com/marketplace/item/1310293694593951,8,"Cuisine rénovée avec 5 électroménagers inclus (cuisinière, réfrigérateur, lave-vaisselle, laveuse, sécheuse), proche universités et espaces verts, enquête de crédit et références requises, lien exige une connexion Facebook",https://scontent-yyz1-1.xx.fbcdn.net/v/t39.30808-6/749286191_10234373342255525_9092352675603353029_n.jpg?stp=c106.0.428.428a_dst-jpg_tt6&cstp=mx428x428&ctp=s428x428&_nc_cat=108&ccb=1-7&_nc_sid=454cf4&_nc_ohc=ic73Tw0-fv0Q7kNvwFNI03n&_nc_oc=AdoRe9nP95ciefPsFjp2Cz9dDFg9ClCwxaH95PBTgjuHGcE-LLH8Zj-Pkys_8IC0dFw&_nc_zt=23&_nc_ht=scontent-yyz1-1.xx&_nc_gid=fvFLeV7qKVviv4IuubP9nA&_nc_ss=7f2a8&oh=00_AQAUDDqQ7V8ap6HixCq0L7v792rJEBP5hErOYq_FI48LzQ&oe=6A6A7D85
2026-07-24,vu,"4½ rénové, terrasse et jardin privés, 900 pi² - Hochelaga-Maisonneuve, entre métro Joliette et Pie-IX",Hochelaga-Maisonneuve,"1693, Avenue Bourbonnière, Montréal, QC H1W 3N5",1990,900,2,oui,Joliette,verte,8,Marketplace,https://www.facebook.com/marketplace/item/1034802492591491,8,"Disponible immédiatement, rez-de-chaussée, terrasse et jardin privatifs, cuisine à aire ouverte rénovée, 2 chambres fermées (dont une sans fenêtre), quartier vivant (Promenade Ontario et Place Simon-Valois à quelques pas, épicerie Metro à 1 min, boulangerie Arhoma à 3 min), lien exige une connexion Facebook",https://scontent-yyz1-1.xx.fbcdn.net/v/t39.84726-6/753150552_1751825949398830_7748096224825680064_n.jpg?stp=c0.131.526.526a_dst-jpg_p526x395_tt6&_nc_cat=109&ccb=1-7&_nc_sid=92e707&_nc_ohc=txNuAhu_pLcQ7kNvwHiiRz0&_nc_oc=Adq4Y8hUGt7t-fn9-xMzOJvF0XnAxulDS6h6MJ1-H-KzkyPCGVe0wKms14Y_Cv6WhBg&_nc_zt=14&_nc_ht=scontent-yyz1-1.xx&_nc_gid=B5o1L6DOFl7nDR-4qOZp8w&_nc_ss=7f2a8&oh=00_AQDrCMy7mTtG81cVO5z7qMXz4EH2WeIi2mo0WvZTs_F2eg&oe=6A69ACB2
2026-07-24,vu,"4½ lumineux ~1000 pi², 2 chambres, à 2 min du métro Berri-UQAM - Ville-Marie (Village)",Ville-Marie (Centre-Sud/Village),"Rue St-Christophe, Montréal, QC H2L 3W5",2065,1000,2,oui,Berri-UQAM,verte,2,Marketplace,https://www.facebook.com/marketplace/item/1751858266169561,8,"Appartement traversant au 2e étage, climatisation murale, chauffage individuel, cuisine équipée (laveuse-sécheuse, four, lave-vaisselle inclus), terrasses, IGA (Place Dupuis) à 2 min, hydro et internet en sus, disponible 2026-07-31, lien exige une connexion Facebook",https://scontent-yyz1-1.xx.fbcdn.net/v/t39.84726-6/745314157_4506616636283141_3078788711921915710_n.jpg?stp=c210.0.540.540a_dst-jpg_p180x540_tt6&_nc_cat=111&ccb=1-7&_nc_sid=92e707&_nc_ohc=v9K3UGzkcsEQ7kNvwERCe40&_nc_oc=Adq52vl1YHgj2RMkHyNT0S_0Vl2aVMc6rxpiAPilcaq2j13AUN-pcICWqlsACnEP_pM&_nc_zt=14&_nc_ht=scontent-yyz1-1.xx&_nc_gid=B5o1L6DOFl7nDR-4qOZp8w&_nc_ss=7f2a8&oh=00_AQDa9_6CM7_wxQCzlfSVLvzBKNIKKamC-XDLllZx_H39MA&oe=6A69AB7F
2026-07-24,vu,"Condo 4½ de 1000 pi² rénové, entrée privée, 2 chambres fermées - Parc Angus (Rosemont), 900m du métro Joliette",Rosemont-La Petite-Patrie,"4295, Rue Moïse-Picard, Montréal",1950,1000,2,oui,Joliette,verte,11,Marketplace,https://www.facebook.com/marketplace/item/1326176662918618,8,"Condo entièrement rénové, entrée privée, 2 grandes chambres fermées + coin bureau, 2 balcons dont 1 grande terrasse, plancher chauffant salle de bain, thermopompe, situé dans les Shops Angus, disponible 31 juillet, lien exige une connexion Facebook",https://scontent-yyz1-1.xx.fbcdn.net/v/t39.84726-6/746502992_1028593923434855_1315585068431478383_n.jpg?stp=c0.133.526.526a_dst-jpg_p526x395_tt6&_nc_cat=111&ccb=1-7&_nc_sid=92e707&_nc_ohc=NP6TLDhnpIcQ7kNvwGeEfBB&_nc_oc=AdpOse6UOfV704_DU5qcUb8vc3t1c1r2QKlkwuG-vgXxMK0tksSPCnO45ydv_nMMlsE&_nc_zt=14&_nc_ht=scontent-yyz1-1.xx&_nc_gid=2IPC_R3iEO52q4kqKBqevQ&_nc_ss=7f2a8&oh=00_AQCq9I6GwYWVyjtri2el3bYacFYyqLRS34hHZzP65cH1zQ&oe=6A6930CE
2026-07-20,vu,"5½ de 3 chambres avec balcon - rue Saint-Dominique (Plateau-Mont-Royal, près métro Sherbrooke)",Le Plateau-Mont-Royal,"3477 Rue Saint-Dominique, Montréal",2400,1000,3,oui,Sherbrooke,orange,7,LogisQuébec,https://www.logisquebec.com/appartement-a-louer-le-plateau-mont-royal-l353533,8,"Balcon arrière, disponible 1er juillet, prix exactement au plafond du budget (2400$)",
2026-07-19,vu,"Grand 4 1/2 neuf, dernier étage, 2 balcons - avenue Gascon (à 7 min des métros Frontenac/Préfontaine)",Ville-Marie (Centre-Sud),"n/d (Avenue Gascon, Montréal)",2175,900,2,oui,Frontenac ou Préfontaine (à vérifier),verte,7,Kijiji,https://www.kijiji.ca/v-apartments-condos/ville-de-montreal/grand-4-neuf-dernier-etage-vue-plateau-ville-marie/1739397387,8,"900 pi², dernier étage, vue dégagée, 2 balcons, laveuse-sécheuse/lave-vaisselle/électros neufs inclus, thermopompe, internet et eau inclus, chats acceptés, dispo 1er juillet 2026, secteur limitrophe Plateau/Centre-Sud",https://media.kijiji.ca/api/v1/ca-prod-fsbo-ads/images/9b/9bd79cd5-6df3-4028-8b83-e706719f7804?rule=kijijica-960-jpg
2026-07-18,vu,"Grand 4½ meublé, 2 chambres, à 5 min du métro Préfontaine - Hochelaga",Hochelaga-Maisonneuve,"n/d (Rue Dézéry, Montréal, QC H1W 2S2)",2250,946,2,oui,Préfontaine,verte,5,Kijiji,https://www.kijiji.ca/v-apartments-condos/ville-de-montreal/grand-4-meuble-metro-prefontaine-bail-6-mois/1739936806,8,"Meublé, bail 6 mois possible, animaux limités",https://media.kijiji.ca/api/v1/ca-prod-fsbo-ads/images/27/2737d02c-077a-47e2-8476-d57ae185048f?rule=kijijica-960-jpg
2026-07-18,vu,"Appartement 6½, 2 balcons, stationnement inclus - rue Saint-Denis (Villeray)",Villeray,"8188 Rue Saint-Denis, Montréal, QC H2P 2G6",2155,1000,4,oui,Jarry,orange,5,Kijiji,https://www.kijiji.ca/v-apartments-condos/ville-de-montreal/appartement-6-1-2/1738696107,8,"Reprise de bail, stationnement inclus",https://media.kijiji.ca/api/v1/ca-prod-fsbo-ads/images/ba/bac95678-e0f1-49cb-85a0-042eb0c644ce?rule=kijijica-960-jpg
2026-07-18,vu,"5½ rénové 1000 pi², eau incluse - La Petite-Patrie, près métro Fabre",La Petite-Patrie,"n/d (Montréal, QC H2G 2Y9)",2400,1000,3,oui,Fabre,orange,5,Kijiji,https://www.kijiji.ca/v-apartments-condos/ville-de-montreal/a-louer-5-1-2/1740736227,8,"Eau incluse, climatisation, rénové, prix à la limite haute du budget",https://media.kijiji.ca/api/v1/ca-prod-fsbo-ads/images/15/15c8766b-815b-40bf-b836-c2b5c5168deb?rule=kijijica-960-jpg
2026-07-18,vu,"Beau 6½, 2 balcons, 900 pi² - La Petite-Patrie, près métro Beaubien",La Petite-Patrie,"n/d (Montréal, QC H2S 2P5, secteur Plaza St-Hubert)",2115,900,3,oui (2 balcons),Beaubien,orange,4,Kijiji,https://www.kijiji.ca/v-apartments-condos/ville-de-montreal/beau-6-1-2-a-louer-dans-petite-patrie-pres-du-metro-beaubien/1740568244,8,"Dispo 1er sept 2026, eau incluse, partiellement meublé, proche Plaza St-Hubert",https://media.kijiji.ca/api/v1/ca-prod-fsbo-ads/images/60/60dcd8d4-6793-4105-ac1b-3f8753756a3c?rule=kijijica-960-jpg
2026-07-18,vu,"Condo de coin meublé, 2 chambres, vue sur parc - Rosemont/Angus, près métro Joliette",Rosemont-La Petite-Patrie,"n/d (secteur Angus, Montréal, QC H1X 3J4, près rue Bélanger)",2050,1000,2,"oui (privé, vue sur parc)",Joliette,verte,10,Kijiji,https://www.kijiji.ca/v-apartments-condos/ville-de-montreal/2-050-mois-condo-de-coin-meuble-de-2-chambres-rosemont-ang/1740664802,8,"Meublé, dispo 10 août 2026, chats acceptés",https://media.kijiji.ca/api/v1/ca-prod-fsbo-ads/images/cb/cb9f1258-ed1f-4e2f-abee-c7c7c2e85b60?rule=kijijica-960-jpg
2026-07-18,vu,"2BR condo 4½ prêt à emménager, balcons avant/arrière - Plateau (Saint-Louis)",Le Plateau-Mont-Royal,"n/d (secteur Saint-Louis, Montréal, QC H2X 2Y4)",2400,1000,2,oui (avant et arrière),Sherbrooke,verte,7,Kijiji,https://www.kijiji.ca/v-apartments-condos/ville-de-montreal/2br-plateau-condo-4-1-2-move-in-ready/1733616523,8,"Non meublé, eau incluse, aucun animal, Walk Score 99, prix à la limite haute du budget",https://media.kijiji.ca/api/v1/ca-prod-fsbo-ads/images/b8/b82d1714-bac1-4fea-83df-1e7a4854d51c?rule=kijijica-960-jpg
2026-07-18,vu,"6½ lumineux, 2 chambres + bureau, 1125 pi² - rue Chambord (Rosemont), près métro Beaubien",Rosemont-La Petite-Patrie,"6565 Rue Chambord, Montréal",2400,1125,2,oui (avant et arrière),Beaubien,orange,10 (estimé),DuProprio,https://duproprio.com/fr/location/montreal/rosemont-la-petite-patrie/6-1-2-a-louer/hab-6565-chambord-1132276,8,"3e étage d'un triplex, dispo immédiatement (1er juillet), non-fumeurs, pas d'animaux, prix à la limite haute du budget",https://photos.duproprio.com/photos/public/for_rent/202605/1132276/6-1-2-rosemont-petite-patrie-600-15660148.jpg
2026-07-17,vu,"6½ lumineux, 3 chambres fermées, rénové et équipé - Rosemont",Rosemont-La Petite-Patrie,"5838, avenue Louis-Hébert, Montréal",2100,1000,3,oui,Rosemont ou Beaubien (à vérifier),orange,n/d,Kijiji,https://www.kijiji.ca/v-apartments-condos/ville-de-montreal/6-lumineux-3-ch-fermees-renove-equipe-rosemont/1740407731,8,"Sous-location jusqu'au 31 juillet 2027, dispo 11 juillet 2026, 2 thermopompes (chauffage/clim), électroménagers neufs, animaux limités",https://media.kijiji.ca/api/v1/ca-prod-fsbo-ads/images/55/5508505f-2676-403c-a0ef-0ff508313938?rule=kijijica-960-jpg
2026-07-16,vu,"5½ rénové (2 chambres + bureau fermé), balcon arrière - rue Saint-Denis (Villeray)",Villeray,"8360 Rue Saint-Denis, Montréal",2200,1100,2,oui,Jarry,orange,2 (estimé),DuProprio,https://duproprio.com/fr/location/montreal/villeray-st-michel-parc-extension/5-1-2-a-louer/hab-8360-st-denis-1132893,8,"Entièrement rénové 2024, électroménagers haut de gamme, walk-in, porte-patio, balcon arrière sur ruelle tranquille, dispo 1er sept. 2026, 2e étage",https://photos.duproprio.com/photos/public/for_rent/202605/1132893/5-1-2-villeray-st-michel-parc-extension-600-15673596.jpg
2026-07-16,vu,"3 chambres, 1000 pi², 2 balcons - rue de Bellechasse (Rosemont)",Rosemont-La Petite-Patrie,"4224 Rue de Bellechasse, Montréal",2199,1000,3,oui,Fabre (à vérifier),bleue,8 (estimé),Centris,https://www.centris.ca/fr/condo-appartement~a-louer~montreal-rosemont-la-petite-patrie/9945663,8,"2 balcons (avant/arrière), aire ouverte lumineuse, 1 stationnement extérieur, Walk Score 85, dispo 1er juillet 2026",https://mspublic.centris.ca/media.ashx?id=ADDD250DA1173DFDDDDDDDDDDF&t=pi&w=1024&h=640&sm=c
2026-07-15,vu,"4 1/2 avec grand balcon, électros et clim inclus – Hochelaga",Hochelaga-Maisonneuve,"n/d (Montréal, QC H1W 3N5)",1900,900,2,oui,Joliette ou Pie-IX,verte,8 (estimé),Kijiji,https://www.kijiji.ca/v-apartments-condos/ville-de-montreal/grand-4-1-2-avec-balcon-electros-ac-inclus/1740573339,8,"2 chambres fermées + boudoir, grand balcon arrière donnant sur jardin tranquille, électros neufs inclus (laveuse-sécheuse, lave-vaisselle, thermopompe), cuisine rénovée comptoir marbre, sdb rénovée 2025, internet haute vitesse inclus, sécurité 24h, non-fumeur, pas d'animaux, enquête de crédit, dispo 1er août 2026",https://media.kijiji.ca/api/v1/ca-prod-fsbo-ads/images/4c/4cb38191-e06a-433d-ad8f-fce80a96fe75?rule=kijijica-640-webp
2026-07-15,vu,"Superbe 4 1/2, près métro Jarry – Villeray",Villeray,"Avenue des Belges, Montréal, QC H2P 2B1",2400,1100,2,oui,Jarry,orange,5,Kijiji,https://www.kijiji.ca/v-apartments-condos/ville-de-montreal/superbe-4-1-2-disponible-des-le-1er-septembre/1739673965,8,"Cour arrière privée, tous électros inclus (cuisinière, frigo, lave-vaisselle, laveuse-sécheuse), climatisation, stationnement dans la rue, proche épiceries/pharmacie/restos/parcs, dispo 1er sept 2026, prix à la limite haute du budget",https://media.kijiji.ca/api/v1/ca-prod-fsbo-ads/images/a6/a6a41b4d-bb53-4c62-a720-a074f2806f46?rule=kijijica-640-webp
2026-07-12,vu,"5 1/2 balcon, 1200 pi² – Rosemont",Rosemont-La Petite-Patrie,"6885 43e Avenue, Montréal, QC H1T 2R9",1900,1200,3,oui,Mary Two-Axe Earley (à vérifier),n/d,12,Kijiji,https://www.kijiji.ca/v-apartments-condos/ville-de-montreal/3-bedroom-apartment-for-rent-in-rosemont/1739297378,8,"Animaux permis, eau chaude incluse, électricité et internet à la charge du locataire, libre 16 juin 2026, nom de station à vérifier",https://media.kijiji.ca/api/v1/ca-prod-fsbo-ads/images/2e/2efd08ab-2014-42f0-bde7-3afc97ccb893?rule=kijijica-960-jpg
2026-07-12,vu,"4 1/2 rénové, grand balcon, près métro Joliette/Pie-IX",Hochelaga-Maisonneuve,"1695 Avenue Bourbonnière, Montréal",1940,900,2,oui,Joliette/Pie-IX,verte,5,DuProprio,https://duproprio.com/fr/location/montreal/mercier-hochelaga-maisonneuve/4-1-2-a-louer/hab-1695-avenue-bourbonniere-1135855,8,"2 ch fermées (1 grande chambre double) + salle d'eau, grand balcon arrière sur jardin paisible, dispo 1er août 2026 (ou 18 juillet), à 1 min du Metro épicerie, 3 min boulangerie Arhoma, Promenade Ontario et Place Simon-Valois à pied",https://photos.duproprio.com/photos/public/for_rent/202606/1135855/mercier-hochelaga-maisonneuve-600-15749477.jpg
2026-07-15,vu,"Grand 5 1/2 rénové au RDC, près métro Pie-IX – Rosemont",Rosemont-La Petite-Patrie,"4419 Avenue Charlemagne, Montréal, QC H1X 2H2",2000,1200,3,n/d,Pie-IX,verte,7,Kijiji,https://www.kijiji.ca/v-apartments-condos/ville-de-montreal/grand-5-1-2-renove-a-louer-au-rdc-a-rosemont/1740506864,8,"Climatisation incluse, fumage autorisé, pas d'animaux, aucun stationnement inclus, dispo 1er juillet 2026, proche Jardin botanique/Biodôme/Promenade Masson",https://media.kijiji.ca/api/v1/ca-prod-fsbo-ads/images/1d/1d7cfe92-1f54-4f36-9a36-2e82fab03b52?rule=kijijica-960-jpg
2026-07-14,vu,"Condo 5½ meublé, balcon vue sur parc – Angus/Rosemont, près métro Joliette",Rosemont-La Petite-Patrie,"3439 Rue William-Tremblay, Montréal",2050,1000,2,oui,Joliette,verte,10,LogisQuébec,https://www.logisquebec.com/condo-a-louer-rosemont_la-petite-patrie-l353563,8,"Unité de coin entièrement meublée (TV, lit, sofa, climatiseur portatif, électros inclus), vue sur parc, arrêt de bus à 1 min vers le métro, électricité et internet en sus (~70$/mois chacun), dispo 1er août ou 1er sept 2026, secteur Angus vivant (écoles, parcs, commerces à pied)",
2026-07-14,vu,"Condo 4½ neuf sur 2 étages, semi-meublé, balcon – Plateau/Centre-Sud, près métro Préfontaine",Le Plateau-Mont-Royal,"2484 Rue Marie-Anne Est, Montréal",2075,1000,2,oui,Préfontaine,verte,10,LogisQuébec,https://www.logisquebec.com/condo-a-louer-le-plateau-mont-royal-l353552,8,"Condo construit en 2019, climatisation centrale, système d'alarme, entrées laveuse-sécheuse, dispo 1er sept 2026, station Frontenac aussi accessible à 12 min",
2026-07-12,vu,5½ meublé tout inclus à 3 min du métro Joliette,Hochelaga-Maisonneuve,"3602 rue de Rouen, Montréal",2150,900,2,oui,Joliette,verte,4,LogisQuébec,https://www.logisquebec.com/appartement-a-louer-mercier_hochelaga-maisonneuve-l353091,8,"5½ 900 pi² meublé, chauffé, wifi et tout inclus, grande terrasse arrière 100 pi², métro Joliette à 287 m, disponible 11 octobre 2026, bail min 3 mois, pas d'animaux",
2026-07-12,vu,5 1/2 + annexe rénové près du métro Beaubien,La Petite-Patrie,"secteur métro Beaubien, H2S 2J5",2200,1064,3,oui,Beaubien,orange,5,Kijiji,https://www.kijiji.ca/v-apartments-condos/ville-de-montreal/5-1-2-annexe-renove-pres-du-metro-beaubien/1735720589,8,"3 ch fermées + annexe (ancien solarium), rénové récemment, 2 grands balcons, entrées laveuse-sécheuse et lave-vaisselle, climatisation, dispo 1er sept 2026, rue Beaubien et commerces à pied, non-fumeur, pas d'animaux",https://media.kijiji.ca/api/v1/ca-prod-fsbo-ads/images/ca/ca9a1937-a625-413b-ba4b-233b3a0e900b?rule=kijijica-960-jpg
2026-07-15,vu,5 1/2 Rosemont rénové avec cour privée,Rosemont-La Petite-Patrie,"9e Avenue, Montréal, QC H1Y 2J9",2215,1000,3,oui,Rosemont,orange,10 (estimé),Kijiji,https://www.kijiji.ca/v-apartments-condos/ville-de-montreal/5-1-2-rosemont-renove-avec-cour-privee/1739626532,8,"Cour privée avec cabanon, climatisation incluse, animaux acceptés, non meublé, dispo 1er août 2026, bail 1 an, Vieux Rosemont, walk score 10/10",https://media.kijiji.ca/api/v1/ca-prod-fsbo-ads/images/0d/0d2593ae-6698-452f-a94e-40f11723e9a8?rule=kijijica-960-jpg
2026-07-12,vu,Magnifique 5 1/2 sur le plateau mont-royal,Le Plateau-Mont-Royal,"rue Marie-Anne, H2H 1M9",2300,1000,3,oui,Mont-Royal,orange,12,Kijiji,https://www.kijiji.ca/v-apartments-condos/ville-de-montreal/magnifique-5-1-2-sur-le-plateau-mont-royal/1734803750,8,"3 ch fermées, cuisine rénovée comptoirs quartz, planchers bois franc d'origine, laveuse-sécheuse dans l'unité, balcon privé, animaux acceptés, bail au mois, avenue Mont-Royal et ses commerces à pied, chauffage/électricité en sus",https://media.kijiji.ca/api/v1/ca-prod-fsbo-ads/images/38/389e0d3d-7bcf-42a9-8fe4-8a27fa531359?rule=kijijica-960-jpg
2026-07-12,vu,Unité neuve 3 chambres 1120 pi2 projet boutique,Hochelaga-Maisonneuve,"2017, avenue Letourneux, app. 101, Montréal",2395,1120,3,non,Pie-IX,verte,11,Centris,https://www.centris.ca/fr/condo-appartement~a-louer~montreal-mercier-hochelaga-maisonneuve/27359064,8,"Construction neuve 2026, 6 pièces, 3 chambres en demi-sous-sol, terrasse commune sur le toit, semi-meublé, internet inclus, 1 mois gratuit bail 24 mois, dispo 1er juillet 2026",https://mspublic.centris.ca/media.ashx?id=ADDD250DA15A15CDDDDDDDDDD2&t=pi&w=1260&h=1024&sm=c
2026-08-01,vu,"3 chambres fermées, 1030 pi² - rue Joliette (Hochelaga-Maisonneuve, proche métro Joliette)",Hochelaga-Maisonneuve,"1679 Rue Joliette, Montréal, QC",2200,1030,3,n/d,Joliette,verte,8,Centris,https://www.centris.ca/en/condos-apartments~for-rent~montreal-mercier-hochelaga-maisonneuve/19180102,7,"Construit en 1935, Walk Score 98, proximité métro, parc, piste cyclable, garderie et école secondaire, animaux acceptés sous conditions, non-fumeur, dispo 1er août 2026, balcon non mentionné dans la fiche, station de métro estimée à partir du nom de la rue",https://mspublic.centris.ca/media.ashx?id=ADDD250DA1B1EF9DDDDDDDDDD1&t=pi&w=1024&h=640&sm=c
2026-07-30,vu,"Grand 7½ (3 chambres + bureau), 1550 pi² - RDC près métro Beaubien (Rosemont/La Petite-Patrie)",Rosemont-La Petite-Patrie,"n/d (Montréal, QC H2G 3C1)",2325,1550,3,n/d,Beaubien,orange,7,Kijiji,https://www.kijiji.ca/v-apartments-condos/ville-de-montreal/metro-beaubien-7-5-rdc-pour-octobre/1741279367,7,"Rez-de-chaussée, planchers de bois franc et boiseries d'origine, cour, animaux limités, bail 1 an, disponible 1er octobre 2026",https://media.kijiji.ca/api/v1/ca-prod-fsbo-ads/images/0d/0d067506-5d29-426e-b7ea-9c0023df6b80?rule=kijijica-960-jpg
2026-07-27,vu,"4½ rénové, 2 chambres fermées, balcon, 950 pi² - Mile-End (Plateau), à ~10 min du métro Outremont",Le Plateau-Mont-Royal,"5970, Avenue du Parc, app. 7, Montréal",2300,950,2,oui,Outremont,bleue,"10 (estime, non precise par l'annonce)",DuProprio,https://duproprio.com/en/rental/montreal/le-plateau-mont-royal/4-1-2-for-rent/hab-7-5970-ave-du-parc-1138366,7,"Dernier etage (3e), semi-meuble, stationnement exterieur inclus, disponible 1er septembre 2026. Secteur Mile-End (bordure Plateau/Outremont), distance au metro estimee.",https://photos.duproprio.com/photos/public/for_rent/202607/1138366/4-1-2-plateau-mont-royal-1600-15812906.jpg
2026-07-27,vu,"4½ meublé tout inclus, 2 chambres + bureau, balcon et patio, 1000 pi² - rue St-Denis (5 min métro Crémazie)",Villeray,"n/d (Rue St-Denis, Montréal, QC H2M)",2100,1000,2,oui,Crémazie,orange,5,Kijiji,https://www.kijiji.ca/v-apartments-condos/ville-de-montreal/grand-4-renove-patio-stationnement-ve-internet-cremazie/1740602257,7,"Meublé et tout inclus, internet haute vitesse, recharge VE niveau 2, climatisation, disponible 1er septembre 2026, bail d'un an, sous-location et Airbnb interdits, animaux limités. À la limite Villeray/Ahuntsic près du métro Crémazie (ligne orange, pas ligne verte).",https://media.kijiji.ca/api/v1/ca-prod-fsbo-ads/images/cf/cfa981e7-1243-46fe-b5b8-1cbe5357eb8b?rule=kijijica-960-jpg
2026-07-26,vu,"4½ spacieux, 2 chambres, grand balcon-terrasse privé, 1054 pi² - avenue Christophe-Colomb (Villeray, près rue Jarry)",Villeray,"Avenue Christophe-Colomb (près rue Jarry), Montréal, QC H2P 0C3",2305,1054,2,oui,Jarry,orange,10 (estimé),Kijiji,https://www.kijiji.ca/v-apartments-condos/ville-de-montreal/4-1-2-villeray-christophe-colomb/1739980393,7,"Cession de bail (locataires actuels achètent un condo), disponible 1er septembre 2026. 2 chambres (12x13 et 12x14 pi), électroménagers inclus (four, frigo, lave-vaisselle, laveuse-sécheuse), climatisation, internet inclus, salle d'entraînement dans l'immeuble. Près de la rue Jarry (IGA, café, pharmacie). Enquête de crédit requise. Adresse précise non indiquée par l'annonce (seulement code postal H2P 0C3) — distance exacte au métro Jarry estimée.",https://media.kijiji.ca/api/v1/ca-prod-fsbo-ads/images/5d/5d7a6647-dba7-4661-87c0-6b86eeb875b6?rule=kijijica-960-jpg
2026-07-26,vu,"Grand logement de 4 chambres fermées, terrasse ~1100 pi² - rue Ontario Est (Hochelaga-Maisonneuve, entre métro Pie-IX et Joliette)",Hochelaga-Maisonneuve,"3889, rue Ontario Est, Montréal",1950,n/d,4,oui,Joliette,verte,8 (estimé),Marketplace,https://www.facebook.com/marketplace/item/3191099554424215,7,"4 chambres fermées, situé au 2e étage, aucun locataire en dessous, grande terrasse ~1100 pi² (superficie intérieure non précisée), dispo 1er juillet 2026. Walk Score 98/Transit 72. Lien Facebook (connexion requise).",https://scontent-yyz1-1.xx.fbcdn.net/v/t39.30808-6/734367592_37516698021250688_9048995181085965231_n.jpg?stp=c0.273.1206.1206a_dst-jpg_tt6&cstp=mx1206x1206&ctp=s565x565&_nc_cat=100&ccb=1-7&_nc_sid=454cf4&_nc_ohc=nR4bexDdA7kQ7kNvwETwXRu&_nc_oc=Adr8b_ZPIzcfgyLtbIjdkZ5tD3NsD-JGZbJKl6RPXDVY72qwup6OtDttajaoVBxtwXs&_nc_zt=23&_nc_ht=scontent-yyz1-1.xx&_nc_gid=DKAPrnNgmI9udtZ3TamYHQ&_nc_ss=7f2a8&oh=00_AQB-a9NpI4qTkrXbihGbIld6aXJDIH_w-iC6HuVrESJzYg&oe=6A6BCFE1
2026-07-26,vu,"4½ rénové, 950 pi², balcon avant + terrasse arrière privée - rue St-Joseph Est (Plateau, près parc Laurier)",Le Plateau-Mont-Royal,"1570, rue St-Joseph Est, Montréal",2000,950,2,oui,Laurier,orange,"12 (estimé, incertain)",DuProprio,https://duproprio.com/fr/location/montreal/le-plateau-mont-royal/4-1-2-a-louer/hab-1570-stjoseph-est-1119590,7,"Planchers de bois franc, comptoirs de granit, cuisine à îlot, disponible maintenant. Distance réelle au métro Laurier non confirmée par l'annonce, possiblement proche de la limite de 12 min - à vérifier avant de contacter.",https://photos.duproprio.com/photos/public/for_rent/202512/1119590/plateau-mont-royal-600-15379636.jpg
2026-07-24,vu,"4½ construction récente (2021), terrasse privée, animaux acceptés, 900 pi² - Plateau, 10 min du métro Mont-Royal/Laurier",Le Plateau-Mont-Royal,"4609, Rue de la Roche, Montréal, QC H2J 3J5",2265,900,2,oui,Mont-Royal,orange,10,Kijiji,https://www.kijiji.ca/v-apartments-condos/ville-de-montreal/4-sur-le-plateau-mont-royal-animaux-acceptes/1740915606,7,"Construction récente en béton (2021), tous électroménagers inclus (laveuse-sécheuse, lave-vaisselle, climatisation), grande terrasse privée avec accès cour, immeuble calme, gestion professionnelle, disponible 2026-08-01 (flexible)",https://media.kijiji.ca/api/v1/ca-prod-fsbo-ads/images/6a/6a80881b-c819-4bdb-8f24-fa8f01cd5d3e?rule=kijijica-960-jpg
2026-07-24,vu,"5½ de 998 pi², 2 chambres + bureau, balcon et accès cour - Plateau (rue St-André, entre Roy et Cherrier), 5 min du métro Sherbrooke",Le Plateau-Mont-Royal,"Rue St-André (entre Roy et Cherrier), Montréal, QC H2L 3V7",1950,998,2,oui,Sherbrooke,orange,5,Kijiji,https://www.kijiji.ca/v-apartments-condos/ville-de-montreal/5-1-2-plateau-2-ch-bureau-balcon-acces-cour/1740581764,7,"3e étage, 2 chambres fermées + bureau fermé avec accès balcon, cour partagée, chauffage non inclus, animaux limités (pas de chien), près du parc La Fontaine, disponible 1er août",https://media.kijiji.ca/api/v1/ca-prod-fsbo-ads/images/71/7166db6f-14eb-4ab6-ae28-b5af701014be?rule=kijijica-960-jpg
2026-07-23,vu,"2 chambres avec balcon, immeuble rénové - rue Iberville (Villeray/Parc-Ex), à 1 min du métro d'Iberville",Villeray,"7186, Rue Iberville, Montréal",1975,900,2,oui,D'Iberville,bleue,1,DuProprio,https://duproprio.com/fr/location/montreal/villeray-st-michel-parc-extension/5-1-2-a-louer/hab-7186-iberville-1132385,7,"Entièrement rénové (2024), plancher chauffant salle de bain, grand balcon arrière couvert, aucun animal, Walk Score 94, disponible 1er juillet 2026",https://photos.duproprio.com/photos/public/for_rent/202605/1132385/villeray-st-michel-parc-extension-600-15662542.jpg
2026-07-23,vu,"3 chambres (950 pi²), balcon - rue St-Viateur Est (Mile-End/Rosemont), à 9 min du métro Rosemont",Rosemont-La Petite-Patrie,"81, Rue Saint-Viateur Est, Montréal",2050,1100,3,n/d,Rosemont,orange,9,Zumper,https://www.zumper.com/address/81-rue-saint-viateur-e-montreal-qc-h2t-1a7-can,7,"Unité de coin entièrement rénovée, comptoirs de quartz, planchers de terrazzo/parquet restaurés, chaque chambre a son placard, animaux acceptés",https://img.zumpercdn.com/327063905/1280x960?auto=format
2026-07-23,vu,"3 chambres avec grand balcon arrière - rue Marie-Anne Est (Plateau), à 5-6 min du métro Mont-Royal",Le Plateau-Mont-Royal,"2171, Rue Marie-Anne Est, Montréal",2300,n/d,3,oui,Mont-Royal ou Papineau,verte,5-6,Centris,https://www.centris.ca/fr/condo-appartement~a-louer~montreal-le-plateau-mont-royal/13403770,7,"Triplex 1949 rénové, planchers de bois franc, chats et petits chiens acceptés sous conditions, Walk Score 99",https://mspublic.centris.ca/media.ashx?id=ADDD250DA141B5FDDDDDDDDDD1&t=pi&w=1260&h=1024&sm=c
2026-07-23,vu,"3 chambres (1165 pi²) - avenue du Parc (secteur Mile-End nord), à 11 min du métro Outremont",Le Plateau-Mont-Royal,"5956, Avenue du Parc, app. 2, Montréal",2395,1165,3,n/d,Outremont,bleue,11,Centris,https://www.centris.ca/fr/condo-appartement~a-louer~montreal-le-plateau-mont-royal/28120701,7,"Murs de pierre, planchers d'érable, disponible 1er juin 2026, Walk Score 98, stationnement optionnel 125$/mois, secteur nord de l'avenue du Parc (limite Mile-End/Parc-Extension)",https://mspublic.centris.ca/media.ashx?id=ADDD250DE65D37BDDDDDDDDDDB&t=pi&w=1260&h=1024&sm=c
2026-07-23,vu,"3 chambres avec terrasse sur cour intérieure - rue De Bullion (Plateau), à 9 min du métro Saint-Laurent",Le Plateau-Mont-Royal,"3560, Rue De Bullion, Montréal",2400,n/d,3,oui,Saint-Laurent,verte,9,Centris,https://www.centris.ca/fr/condo-appartement~a-louer~montreal-le-plateau-mont-royal/15238222,7,"Meublé, chauffage/internet/électricité inclus, secteur Prince-Arthur/Saint-Denis, immeuble de 1845, Walk Score 100",https://mspublic.centris.ca/media.ashx?id=ADDD250DA1848FBDDDDDDDDDD2&t=pi&w=1024&h=640&sm=c
2026-07-22,vu,"2 chambres avec balcon, immeuble rénové - rue Saint-Hubert (Villeray, près métro De Castelnau)",Villeray,"8179, Rue Saint-Hubert, Montréal",2100,1040,2,oui,De Castelnau,bleue,7 (estimé),Centris,https://www.centris.ca/fr/condo-appartement~a-louer~montreal-villeray-saint-michel-parc-extension/28188765,7,"Immeuble rénové (nouvelles fenêtres, escalier arrière, finitions modernisées), balcons refaits, Walk Score 96, disponible 1er juillet 2026, chauffage et animaux non précisés dans l'annonce",https://mspublic.centris.ca/media.ashx?id=ADDD250DA44B578DDDDDDDDDDB&t=pi&w=1260&h=1024&sm=c
2026-07-22,vu,"5½ (1000 pi²), 2 chambres avec balcon - rue Berri (Plateau-Mont-Royal, près métro Mont-Royal)",Le Plateau-Mont-Royal,"Rue Berri, Montréal",2000,1000,2,oui,Mont-Royal,orange,2 (estimé),Kijiji,https://www.kijiji.ca/v-apartments-condos/ville-de-montreal/plateau-logement-5-1000pi-2000/1740923305,7,"Plafonds de 9 pi, fenêtré d'est en ouest, superficie de 1000 pi² indiquée explicitement dans l'annonce, disponible 1er septembre 2026",https://media.kijiji.ca/api/v1/ca-prod-fsbo-ads/images/8c/8c1f9dd9-d0fb-4527-856b-0c0a7c8c734b?rule=kijijica-960-jpg
2026-07-22,vu,"4½ meublé de type condo avec balcon - boulevard Saint-Michel (Villeray, près métro Saint-Michel)",Villeray,"7215, Boulevard Saint-Michel, Montréal",1995,900,2,oui,Saint-Michel,bleue,3 (estimé),LogisQuébec,https://www.logisquebec.com/appartement-a-louer-villeray_saint-michel_parc-extension-l299805,7,"Meublé, 3e étage, 5 électroménagers, climatisation, stationnement intérieur chauffé disponible en supplément, animaux acceptés sous conditions, secteur limitrophe Saint-Michel/Villeray, disponible immédiatement",
2026-07-21,vu,"4½ rénové, haut de duplex avec cachet - rue Drolet, Rosemont",Rosemont-La Petite-Patrie,"6603, Rue Drolet, Montréal",2300,1000,2,oui,Beaubien,orange,4 (estimé),Centris,https://www.centris.ca/fr/condo-appartement~a-louer~montreal-rosemont-la-petite-patrie/16809156,7,"Haut de duplex, planchers de bois et plafonds 9 pi d'origine, rénové récemment (planchers/peinture), rue tranquille et bordée d'arbres, stationnement de rue sans vignette, animaux et fumeurs non acceptés, disponible 10 jours après acceptation",https://mspublic.centris.ca/media.ashx?id=ADDD250DADDB5A5DDDDDDDDDDE&t=pi&w=640&h=480&sm=c
2026-07-21,vu,"4½ meublé de 1100 pi², 2 chambres - rue Hochelaga (Hochelaga-Maisonneuve, près métro Pie-IX)",Hochelaga-Maisonneuve,"4229, Rue Hochelaga, app. 101, Montréal",2250,1100,2,n/d,Pie-IX,verte,5 (estimé),Centris,https://www.centris.ca/fr/condo-appartement~a-louer~montreal-mercier-hochelaga-maisonneuve/12213167,7,"Meublé, électricité et wifi inclus, animaux non acceptés, disponible 22 août 2026, à quelques minutes à pied du métro Pie-IX (limite est autorisée)",https://mspublic.centris.ca/media.ashx?id=ADDD250DE55732ADDDDDDDDDDB&t=pi&w=640&h=480&sm=c
2026-07-21,vu,"6½ rénové, 4 chambres, cour privée (cession de bail) - rue Leclaire (Hochelaga-Maisonneuve, près métro Joliette/Pie-IX)",Hochelaga-Maisonneuve,"Rue Leclaire (n° civique exact n/d), Montréal",2020,1000,4,n/d,Joliette ou Pie-IX (à vérifier),verte,7 (estimé),Kijiji,https://www.kijiji.ca/v-apartments-condos/ville-de-montreal/6-1-2-renove-rue-leclaire-hochelaga-maisonneuve/1739743063,7,"Cession de bail, cour privée incluse, pas d'animaux, non meublé, disponible 1er août 2026, distance au métro estimée (adresse civique exacte non précisée par l'annonce)",https://media.kijiji.ca/api/v1/ca-prod-fsbo-ads/images/ec/ec8b4bf4-796f-4a9e-a562-169ac08cf297?rule=kijijica-640-webp
2026-07-20,vu,"5½ rénové avec balcons avant et arrière - rue Chambord (Villeray, près métro Fabre)",Villeray,"7572 Rue Chambord, Montréal",1980,940,2,oui,Fabre,bleue,5,DuProprio,https://duproprio.com/fr/location/montreal/villeray-st-michel-parc-extension/5-1-2-a-louer/hab-7572-chambord-1133371,7,"Haut de duplex construit en 1950, planchers de bois franc et boiseries d'origine, semi-meublé (cuisinière, frigo, laveuse-sécheuse inclus), animaux non acceptés, un mois de crédit à la reconduction du bail, disponible maintenant/1er août",https://photos.duproprio.com/photos/public/for_rent/202605/1133371/villeray-st-michel-parc-extension-600-15687060.jpg
2026-07-20,vu,"Grand 5½ meublé, 3 chambres - rue Joliette (Hochelaga-Maisonneuve, près métro Joliette)",Hochelaga-Maisonneuve,"1679 Rue Joliette, Montréal",2200,1030,3,n/d,Joliette,verte,12,Centris,https://www.centris.ca/fr/condo-appartement~a-louer~montreal-mercier-hochelaga-maisonneuve/19180102,7,"Immeuble de 1935, 2e étage, entièrement meublé et équipé, animaux acceptés sous conditions, non-fumeur, disponible 1er août 2026 (ou 1er juillet selon la fiche), walk score 98, à 3 min de la Promenade Ontario",https://mspublic.centris.ca/media.ashx?id=ADDD250DA1B1EF9DDDDDDDDDD1&t=pi&w=1024&h=640&sm=c
2026-07-20,vu,"Grand 5 1/2, 2 chambres, 2 terrasses privées - rue Beaubien Est (Rosemont, près métro Fabre)",Rosemont-La Petite-Patrie,"5375, Rue Beaubien Est, app. 302, Montréal",2200,973,2,oui,Fabre,bleue,9,Centris,https://www.centris.ca/en/condos-apartments~for-rent~montreal-rosemont-la-petite-patrie/18351984,7,"973 pi², 3e étage, deux terrasses ensoleillées privées, walk score 83, animaux acceptés avec conditions, stationnement allée + rangement extérieur, construit en 2006, non-fumeur, dispo ~15 jours après acceptation",https://mspublic.centris.ca/media.ashx?id=ADDD250DA447553DDDDDDDDDDC&t=pi&w=1260&h=1024&sm=c
2026-07-20,vu,"4 1/2 rénové, 2 balcons + terrasse sur le toit - 13e Avenue (Villeray, près métro Saint-Michel)",Villeray,"7650, 13e Avenue, app. 302, Montréal",1950,1000,2,oui,Saint-Michel,bleue,7,Centris,https://www.centris.ca/en/condos-apartments~for-rent~montreal-villeray-saint-michel-parc-extension/9733212,7,"1000 pi², 2 balcons + terrasse privée sur le toit (en rénovation, dispo été 2026), comptoirs de quartz, 2 garde-robes, système d'alarme, construit en 2011, animaux non acceptés, près du parc François-Perrault, dispo 1er mai 2026",https://mspublic.centris.ca/media.ashx?id=ADDD250DE699961DDDDDDDDDD0&t=pi&w=1260&h=1024&sm=c
2026-07-19,vu,"4 1/2, 2 chambres, grand balcon-terrasse - Villeray (Christophe-Colomb)",Villeray,"n/d (Montréal, QC H2P 0C3, secteur Christophe-Colomb)",2305,1054,2,oui,Jarry (à vérifier),orange,12 (estimé),Kijiji,https://www.kijiji.ca/v-apartments-condos/ville-de-montreal/4-1-2-villeray-christophe-colomb/1739980393,7,"1054 pi², grand balcon-terrasse privé, tous électros + internet inclus, gym et rangement vélo dans l'immeuble, insonorisation béton, animaux acceptés, dispo 1er sept 2026, près IGA/café/pharmacie",https://media.kijiji.ca/api/v1/ca-prod-fsbo-ads/images/5d/5d7a6647-dba7-4661-87c0-6b86eeb875b6?rule=kijijica-960-jpg
2026-07-19,vu,"5 1/2 lumineux, 2 chambres fermées, rénové - près Cinéma Beaubien",Rosemont-La Petite-Patrie,"n/d (Montréal, QC H2G 2S1)",1950,946,2,oui,Beaubien (à vérifier),orange,8 (estimé),Kijiji,https://www.kijiji.ca/v-apartments-condos/ville-de-montreal/5-lumineux-2-ch-fermees-renove-rosemont-petite-patrie/1739560132,7,"946 pi², cuisine rénovée, salle de bain avec puits de lumière, laveuse-sécheuse/lave-vaisselle/frigo inclus, 2 balcons, à deux pas du Cinéma Beaubien, dispo 1er juillet 2026, animaux limités acceptés",https://media.kijiji.ca/api/v1/ca-prod-fsbo-ads/images/c1/c15d7c88-4278-46b2-b504-86cd39d6404b?rule=kijijica-960-jpg
2026-07-18,vu,"2 chambres meublé, chauffage/eau/hydro inclus - Villeray, près métro Jean-Talon",Villeray,"n/d (secteur parc Jarry, Montréal, QC H2R 2P8)",2200,1000,2,oui,Jean-Talon,orange,5,Kijiji,https://www.kijiji.ca/v-apartments-condos/ville-de-montreal/2-beds-1-bath-flat/1739031958,7,"Chauffage, eau et hydro inclus, bail 1 an",https://media.kijiji.ca/api/v1/ca-prod-fsbo-ads/images/8e/8e90b51e-590e-45cb-9d6d-155aaf096480?rule=kijijica-960-jpg
2026-07-18,vu,"Condo 2 chambres construit 2012, option tout inclus - Rosemont/La Petite-Patrie",Rosemont-La Petite-Patrie,"3320 Rue Dandurand, Montréal, QC H1X 1M6",1950,900,2,oui,Rosemont,orange,7,Kijiji,https://www.kijiji.ca/v-apartments-condos/ville-de-montreal/condo-2-chambres-2012-rosemont-petite-patrie-option-tout-iclus/1740633223,7,"Dispo 1er août 2026, option tout inclus (hydro, wifi), meublé",https://media.kijiji.ca/api/v1/ca-prod-fsbo-ads/images/eb/eb078bfc-6406-4c44-aaea-a47152705a1b?rule=kijijica-960-jpg
2026-07-18,vu,"Condo 4½ clé en main, 2 balcons privés - Plateau/Mile-End",Le Plateau-Mont-Royal,"5350 Rue Drolet, Montréal, QC H2T 2H4",1995,950,2,oui (2 balcons privés),Laurier ou Rosemont (à vérifier),orange,6,Kijiji,https://www.kijiji.ca/v-apartments-condos/ville-de-montreal/superbe-condo-4-cle-en-main-plateau-mile-end/1740380612,7,"Électros fournis, thermopompe, dispo 15 juillet 2026",https://media.kijiji.ca/api/v1/ca-prod-dealer-ads/images/f1/f1713eb8-b958-4345-9866-6f8f019186e1?rule=kijijica-960-jpg
2026-07-17,vu,"5½ rénové 3 chambres, 1085 pi² - avenue d'Orléans (Hochelaga), près métro Joliette",Hochelaga-Maisonneuve,"2435 Avenue d'Orléans, Montréal, QC H1W 3S3",1950,1085,3,non,Joliette,verte,5,Kijiji,https://www.kijiji.ca/v-apartments-condos/ville-de-montreal/5-1-2-a-louer-un-beau-5-1-2-de-3-chambres-fermees-avec-garage/1736086864,7,"Rez-de-chaussée d'un triplex, 1 stationnement privé inclus, accès cour arrière, non meublé, pas d'animaux, dispo 1er juillet 2026, à 450 m (~5 min) du métro Joliette et 600 m (~7 min) de Pie-IX",https://media.kijiji.ca/api/v1/ca-prod-fsbo-ads/images/03/03d8944a-7b26-4350-b716-ca7ec27241fb?rule=kijijica-960-jpg
2026-07-16,vu,"5½ rénové 2024, balcon arrière avec toit - rue d'Iberville (Villeray), à deux pas du métro",Villeray,"7186 Rue d'Iberville, Montréal",1950,900,2,oui,D'Iberville,bleue,3 (estimé),DuProprio,https://duproprio.com/fr/location/montreal/villeray-st-michel-parc-extension/5-1-2-a-louer/hab-7186-rue-diberville-1078665,7,"Rénové au complet printemps 2024, cuisine neuve comptoirs quartz, salle de bain avec plancher chauffant, 2e étage duplex, animaux non permis, dispo immédiatement, climatisation",https://photos.duproprio.com/photos/public/for_rent/202407/1078665/5-1-2-villeray-st-michel-parc-extension-1024-14442070.jpg
2026-07-16,vu,"4½ semi-meublé, 2 balcons, entre métro Sherbrooke et Saint-Laurent",Le Plateau-Mont-Royal,"3528 Avenue Coloniale, Montréal",2400,1000,2,oui,Sherbrooke,orange,8,Centris,https://www.centris.ca/fr/condo-appartement~a-louer~montreal-le-plateau-mont-royal/18661844,7,"Métro Sherbrooke à 600 m et Saint-Laurent à 650 m, balcons avant et arrière, laveuse-sécheuse inclus, pas d'animaux, dispo 1er mai 2026, prix à la limite haute du budget",https://mspublic.centris.ca/media.ashx?id=ADDD250DADE9AF4DDDDDDDDDDF&t=pi&w=640&h=480&sm=c
2026-07-16,vu,"3 chambres sur 2 niveaux, balcon - Ville-Marie (Village)",Ville-Marie (Centre-Sud/Village),"1556 Rue Alexandre-de-Sève, Montréal, QC H2L 2V7",1950,n/d,3,oui,Papineau ou Beaudry,verte,9 (estimé),Marketplace,https://www.facebook.com/marketplace/item/1630277048041333,7,"3 chambres dont 1 à l'étage, chauffage électrique, entrée laveuse-sécheuse, chats acceptés, dispo 1er juillet 2026, secteur Village/Centre-Sud vivant. Lien Facebook (connexion requise)",https://scontent-yyz1-1.xx.fbcdn.net/v/t39.30808-6/725664382_1806177020753109_738596762216669759_n.jpg?stp=c181.0.1086.1086a_dst-jpg_tt6&cstp=mx1086x1086&ctp=s565x565&_nc_cat=110&ccb=1-7&_nc_sid=454cf4&_nc_ohc=hMJqNHPfDaQQ7kNvwHanUl6&_nc_oc=AdpnG9QIBpMUJP1wxwaIP0X85-sgqMS8IFmOP-dnQWyAx6A2jhbJOLq1E29TYkdqoAE&_nc_zt=23&_nc_ht=scontent-yyz1-1.xx&_nc_gid=po_Fub79cNJDfbGc2ZS1tQ&_nc_ss=7f2a8&oh=00_AQD44GmDh0ZUBIbweWf4W2TRvVKQ2s7WqU07gK4fjl_jSQ&oe=6A5EA584
2026-07-15,vu,"Grand 5 1/2 sur 2 étages, 3 chambres et cour",Hochelaga-Maisonneuve,3845 rue Hochelaga (H1W 1J5),1900,n/d,3,oui,Joliette,verte,9,Marketplace,https://www.facebook.com/marketplace/item/1008792698770049,7,"5 1/2 sur 2 étages, 3 chambres, 2 balcons, cour, frigo/four/laveuse/sécheuse inclus, Centris 20702727, dispo maintenant. À l'ouest de Pie-IX, ~9 min à pied du métro Joliette (estimé). Lien Facebook (connexion requise)",https://scontent-yyz1-1.xx.fbcdn.net/v/t39.30808-6/714003647_2185734145539346_3198406513208048496_n.jpg?stp=dst-jpg_tt6&cstp=mx1185x1184&ctp=p526x296&_nc_cat=110&ccb=1-7&_nc_sid=454cf4&_nc_ohc=rWfRdyAQT2kQ7kNvwEDuxFQ&_nc_oc=Adq1kZ7UKEWJ5AOUtBADQ2wc5Tm0xR6Oy1Es11qxDrIBpg5pQoUKzI5WditEAwUixfk&_nc_zt=23&_nc_ht=scontent-yyz1-1.xx&_nc_gid=yYLPvMa76LbSuFVLINSV0A&_nc_ss=7f2a8&oh=00_AQCJsY2PUIFfIFE0IQOeFTV9m-V9fFS4ilU1C3PB62_vlg&oe=6A5D9B7D
2026-07-15,vu,4 1/2 meublé 900 pi2 à 1 min du métro Laurier,Le Plateau-Mont-Royal,5048 rue Rivard (H2J 2M9),1990,900,2,oui,Laurier,orange,2,Marketplace,https://www.facebook.com/marketplace/item/1587980276170810,7,"4 1/2 rénové ~900 pi2 au rez-de-chaussée d'un triplex, entièrement meublé, climatisé, balcon privé, plafonds hauts, murs de briques. Moins d'1 min du métro Laurier et 5 min du parc Laurier selon la fiche, dispo immédiatement. Lien Facebook (connexion requise)",https://scontent-yyz1-1.xx.fbcdn.net/v/t39.84726-6/741940752_1429328275740907_6698802259517172647_n.jpg?stp=c135.0.540.540a_dst-jpg_p180x540_tt6&_nc_cat=107&ccb=1-7&_nc_sid=92e707&_nc_ohc=NMJOpVG6Y_4Q7kNvwELOmkA&_nc_oc=AdqF3ydxe4mehyA40f7h2lZcCrSH8BQaQ3F2n0E8sKJGfnxgRh1HnvSvZ0FZQi_Zkow&_nc_zt=14&_nc_ht=scontent-yyz1-1.xx&_nc_gid=fFR5ChQi4J0gvgJw_ex77g&_nc_ss=7f2a8&oh=00_AQCS-CkFmscQOqIBqcnBnG2S49uR4g2vcHCV2VfWwe5WxQ&oe=6A5D7C9F
2026-07-15,vu,Grand 5 1/2 de 1144 pi2 près métro Fabre – Villeray,Villeray,Secteur Villeray/Chabot (adresse exacte n/d),2000,1144,3,n/d,Fabre,bleue,10,Marketplace,https://www.facebook.com/marketplace/item/1218591924670571,7,"5 1/2 de 1144 pi2 au rez-de-chaussée d'un quadruplex : 3 grandes chambres fermées, thermopompe (clim+chauffage), électros et plusieurs meubles inclus, entrées laveuse/sécheuse. Près de la Plaza St-Hubert, quelques minutes du métro Fabre selon la fiche (~10 min estimé). Lien Facebook (connexion requise)",https://scontent-yyz1-1.xx.fbcdn.net/v/t39.84726-6/734897156_4591064421106932_6131094476647339162_n.jpg?stp=c0.87.526.526a_dst-jpg_p526x395_tt6&_nc_cat=105&ccb=1-7&_nc_sid=92e707&_nc_ohc=LiymDaMlxe8Q7kNvwF9a4Tf&_nc_oc=AdrV-_Dz-gdjZ96oH23Qhwdwu5Qhj3MRppo88SmiXkIuWNqL-8z-Z9b95F2mAAFuqkE&_nc_zt=14&_nc_ht=scontent-yyz1-1.xx&_nc_gid=fqv6VHej6TNF8DZvOf_nSw&_nc_ss=7f2a8&oh=00_AQBvEs9zXVGz2UAd0G1bVEdU9X0Ch7Zxs8p4B_vnanFYNQ&oe=6A5D7E3A
2026-07-12,vu,Appartement lumineux sur la plaza,La Petite-Patrie,"rue Saint-Hubert, H2S 2L9",1975,1000,2,oui,Beaubien,orange,2,Kijiji,https://www.kijiji.ca/v-apartments-condos/ville-de-montreal/appartement-lumineux-sur-la-plaza/1739853332,7,"2 ch fermées + boudoir avec grand placard, Plaza St-Hubert au pied de l'immeuble (quartier très vivant), laveuse-sécheuse dans l'unité, clim, 1 stationnement, grand balcon, métro Beaubien à 2 min selon l'annonce, dispo 15 juillet 2026, animaux limités",https://media.kijiji.ca/api/v1/ca-prod-fsbo-ads/images/29/29f42067-d07c-42c9-9127-b218f6f690f8?rule=kijijica-960-jpg
2026-07-12,vu,Condo 4½ rénové avec stationnement,Rosemont/La Petite-Patrie,"6855, rue d'Iberville, Montréal",2100,1010,2,oui,D'Iberville,bleue,8,DuProprio,https://duproprio.com/fr/location/montreal/rosemont-la-petite-patrie/4-1-2-a-louer/hab-6855-diberville-1136946,7,"2 chambres fermées, cuisine et sdb modernes, climatisé, stationnement, rangement ext., animaux acceptés, dispo 16 juillet 2026",https://photos.duproprio.com/photos/public/for_rent/202607/1136946/4-1-2-rosemont-petite-patrie-600-15776920.jpg
2026-07-12,vu,"6 1/2, balcon et terrasse, animaux acceptés – Hochelaga",Hochelaga-Maisonneuve,"1841 Rue Saint-Germain, Montréal",2195,n/d,3,oui,Préfontaine,verte,10,Centris,https://centris.ca/fr/condo-appartement~a-louer~montreal-mercier-hochelaga-maisonneuve/25697495,7,"Semi-meublé, animaux acceptés sous conditions (chiens ok), 1 stationnement, libre 7 jours après acceptation du bail, vérification de crédit requise",https://mspublic.centris.ca/media.ashx?id=ADDD250DA16F1EEDDDDDDDDDD4&t=pi&w=640&h=480&sm=c
2026-07-12,vu,"Cession de bail – Grand 5 1/2 lumineux, balcon et terrasse – Hochelaga/Préfontaine",Hochelaga-Maisonneuve,"n/d (Montréal, QC H1V 2X2, secteur Préfontaine)",2195,n/d,3,oui,Préfontaine,verte,10,Kijiji,https://www.kijiji.ca/v-apartments-condos/ville-de-montreal/cession-de-bail-grand-5-1-2-lumineux-hochelaga-prefontaine/1739376269,7,"1er mois gratuit, animaux acceptés (même chiens), hydro et stationnement inclus, buanderie, bail jusqu'en juin 2027",https://media.kijiji.ca/api/v1/ca-prod-fsbo-ads/images/9b/9b7ac581-3ab1-482b-9f87-d703dcb6bcc3?rule=kijijica-960-jpg
2026-07-15,vu,"Condo 4½ meublé avec stationnement, près métro Jarry/Crémazie – Villeray",Villeray,"8478 Rue Saint-Dominique, Montréal",2290,930,2,oui,Jarry ou Crémazie,orange,5 (estimé),DuProprio,https://duproprio.com/fr/location/montreal/villeray-st-michel-parc-extension/4-1-2-a-louer/hab-8478-saint-dominique-1134387,7,"Meublé (TV 65po, mobilier complet), stationnement intérieur inclus, thermopompe, animaux négociables, bail min 12 mois, dispo 1er juillet 2026, hydro ~75$/mois + assurance 25$/mois en sus",https://photos.duproprio.com/photos/public/for_rent/202605/1134387/4-1-2-villeray-st-michel-parc-extension-600-15713346.jpg
2026-08-03,vu,"Grand 8½ (5 chambres), balcon arrière - boulevard Rosemont (près métro Rosemont)",Rosemont-La Petite-Patrie,"2212, Boulevard Rosemont, Montréal",2200,n/d,5,oui,Rosemont (estimé),orange,"n/d (estimé, proche - Walk Score 97)",Centris,https://www.centris.ca/fr/condo-appartement~a-louer~montreal-rosemont-la-petite-patrie/10379090,6,"Cession de bail (dispo ~15 jours apres acceptation), duplex de 1910, grand double salon, espace bureau/studio exterieur accessible par galerie, grand balcon arriere, animaux acceptes sous conditions, non-fumeur, Walk Score 97, distance exacte au metro non precisee par l'annonce (estimee a partir de l'adresse).",https://mspublic.centris.ca/media.ashx?id=ADDD250DA4EBA8BDDDDDDDDDDE&t=pi&w=1260&h=1024&sm=c
2026-08-02,vu,"Grand 5½ (3 chambres), cession de bail - Ahuntsic, à 5 min du métro Crémazie (Marketplace)",Ahuntsic,"8906, Rue St-Denis, Montréal, QC H2M 1N6",1920,n/d,3,oui,Crémazie,orange,5,Marketplace,https://www.facebook.com/marketplace/item/1597888398626707,6,"Cession de bail à compter du 1er septembre 2026, grand salon lumineux ouvert sur balcon, 1 place de stationnement incluse, quartier paisible et familial à proximité des épiceries, cafés et écoles. Lien exige une connexion Facebook.",https://scontent-ord5-3.xx.fbcdn.net/v/t39.84726-6/764637913_888309690594907_5882620681176824766_n.jpg?stp=c79.0.540.540a_dst-jpg_p180x540_tt6&_nc_cat=110&ccb=1-7&_nc_sid=92e707&_nc_ohc=TsRkCi9LdpYQ7kNvwGZ13pu&_nc_oc=AdrMxpwf-nRZ80WxLJbymFQcgZ3Ak0_77ncK25FZHXMOPFhl5JJ6NpZjnghqjcrrbio&_nc_zt=14&_nc_ht=scontent-ord5-3.xx&_nc_gid=2aY9pe_D1qPZRQwBRT2GtA&_nc_ss=7f2a8&oh=00_AQEvHXpVxoxQfoUl_k8meC4uoybuPLNSaBnb6nzCqNam_A&oe=6A759786
2026-08-02,vu,"4½ rez-de-chaussée rénové (2 chambres), ~1000 pi² - Plateau, près métro Papineau",Le Plateau-Mont-Royal,"4249, Avenue des Érables, Montréal",2100,1000,2,n/d,Papineau,verte,12 (estimé),Centris,https://www.centris.ca/fr/condo-appartement~a-louer~montreal-le-plateau-mont-royal/23548123,6,"Planchers de bois franc, unité de rez-de-chaussée avec cachet d'origine, chats acceptés, libre immédiatement.",https://mspublic.centris.ca/media.ashx?id=ADDD250DA1693F8DDDDDDDDDDA&t=pi&w=1260&h=1024&sm=c
2026-08-02,vu,"Grand appartement 6½ (3 chambres), cour arrière privée - Centre-Sud (Marketplace)",Centre-Sud (frontière Hochelaga/Rosemont),"2469, Rue Messier, Montréal",1995,n/d,2,oui,Frontenac,verte,12,Marketplace,https://www.facebook.com/marketplace/item/2137116496873918,6,"Description mentionne 1 chambre fermée + 1 grande chambre double convertible en 2 pièces (le champ structurel Facebook indique 3 chambres) - à valider lors de la visite. Rez-de-chaussée, accès privé à la cour arrière, planchers de bois franc, hauts plafonds, walk-in, à quelques minutes du Plateau-Mont-Royal et de Rosemont. Lien exige une connexion Facebook",https://scontent-yyz1-1.xx.fbcdn.net/v/t39.30808-6/743016729_10174780714605652_6368637080978275674_n.jpg?stp=c194.0.782.782a_dst-jpg_tt6&cstp=mx782x782&ctp=s565x565&_nc_cat=100&ccb=1-7&_nc_sid=454cf4&_nc_ohc=8GCeouhtuXMQ7kNvwFPa1aI&_nc_oc=AdqUBLUw7WDYM5oT-g0o0FLhHtQRi4JRIolKizscRP-SGdi2D1F7wvtXZ-4SkM9a4ao&_nc_zt=23&_nc_ht=scontent-yyz1-1.xx&_nc_gid=dd0NInQSCV1jnFTzbXfEhQ&_nc_ss=7f2a8&oh=00_AQEm7I_yKAD_jZVkj5wHeOKrC8cRKupr62oih1oM6n28hw&oe=6A751945
2026-07-26,vu,"4½ rénové, 2 chambres fermées, 2 balcons - avenue Bourbonnière (Rosemont, près métro Pie-IX)",Rosemont-La Petite-Patrie,"4452, Avenue Bourbonnière, Montréal, QC H1X 2M4",1995,n/d,2,oui,Pie-IX,verte,7 (estimé),Marketplace,https://www.facebook.com/marketplace/item/971293052360750,6,"2 chambres fermées, entièrement rénové (thermopompe, cuisine comptoir quartz, excellente insonorisation), 2 grands balcons, 2e étage, disponible maintenant. Près du Stade Olympique et du Jardin botanique, à la frontière Rosemont/Hochelaga-Maisonneuve. Enquête de crédit obligatoire. Lien Facebook (connexion requise).",https://scontent-yyz1-1.xx.fbcdn.net/v/t39.30808-6/731252991_27047029474992296_8918707091354816764_n.jpg?stp=c357.0.1334.1334a_dst-jpg_tt6&cstp=mx1334x1334&ctp=s565x565&_nc_cat=101&ccb=1-7&_nc_sid=454cf4&_nc_ohc=UvUVoScPkQsQ7kNvwHT-0DR&_nc_oc=Adr4F9-n2kRPX_r8nm_cpO8IotlbDdp1wgjTXLhZGgFo_8o_vEXYr9k4lo-tU-LMcjg&_nc_zt=23&_nc_ht=scontent-yyz1-1.xx&_nc_gid=9tIMxqbv00B8JUyeP5iFkQ&_nc_ss=7f2a8&oh=00_AQBw9ndogrJQO-Eca2-mQ5Q5nwuMgV0HMiUDDAddDYOBaA&oe=6A6C2FD1
2026-07-24,vu,"Cession de bail - Grand 5½ à Hochelaga, parking + terrasse, 10 min du métro Préfontaine",Hochelaga-Maisonneuve,"Secteur rue Ontario / Promenades Ontario, Montréal",2195,n/d,2,oui,Préfontaine,verte,10,Marketplace,https://www.facebook.com/marketplace/item/1026228803107774,6,"Cession de bail (bail court jusqu'en juin 2027), 2e et dernier étage, 2 vraies chambres + petit bureau, terrasse arrière + balcon avant, 1 place de stationnement incluse, animaux acceptés, près de la rue Ontario et Promenades Ontario, disponible 1er août, lien exige une connexion Facebook",https://scontent-yyz1-1.xx.fbcdn.net/v/t39.84726-6/751096931_2471626966595895_8296005837515716344_n.jpg?stp=c0.87.526.526a_dst-jpg_p526x395_tt6&_nc_cat=108&ccb=1-7&_nc_sid=92e707&_nc_ohc=_SBY5-VcivgQ7kNvwExqv_n&_nc_oc=AdqpiShaBtgcaAUTunPdw0dxD2hLVUbrzIPV3wCWHMo61q2Ol7ucFdjUgr2bTeOMrbk&_nc_zt=14&_nc_ht=scontent-yyz1-1.xx&_nc_gid=2IPC_R3iEO52q4kqKBqevQ&_nc_ss=7f2a8&oh=00_AQD6vHYREshC-kFgzHQPC8XvajVHY8vihDGqjqE61eZMJA&oe=6A692CA8
2026-07-23,vu,"3 chambres, 1011 pi² - rue Saint-Gérard (Villeray), entre métro Jarry et De Castelnau",Villeray,"7442, Rue Saint-Gérard, Montréal",2300,1011,3,n/d,Jarry ou De Castelnau,orange/bleue,8-11,Centris,https://www.centris.ca/fr/condo-appartement~a-louer~montreal-villeray-saint-michel-parc-extension/25184748,6,"Thermopompe murale, 2 salles de bain, 2 stationnements disponibles (150$/mois chacun), Walk Score 99",https://mspublic.centris.ca/media.ashx?id=ADDD250DA156B3ADDDDDDDDDD0&t=pi&w=1260&h=1024&sm=c
2026-07-23,vu,"6857 rue Marquette, 3 chambres avec balcon - Rosemont, à 6 min du métro Fabre",Rosemont-La Petite-Patrie,"6857, Rue Marquette, app. 3, Montréal",2200,n/d,3,oui,Fabre,bleue,6,Centris,https://www.centris.ca/fr/condo-appartement~a-louer~montreal-rosemont-la-petite-patrie/28846310,6,"5½ entièrement rénové, balcons avant et arrière, animaux non acceptés, Walk Score 94, disponible 7 jours après acceptation",https://mspublic.centris.ca/media.ashx?id=ADDD250DA4EE45BDDDDDDDDDD4&t=pi&w=1260&h=1024&sm=c
2026-07-23,vu,"3 chambres, 2339$ avec balcon - rue Rachel Est (Plateau), à 10 min du métro Mont-Royal",Le Plateau-Mont-Royal,"1101, Rue Rachel Est, app. 207, Montréal",2339,n/d,2,oui,Mont-Royal,verte,10,Centris,https://www.centris.ca/fr/condo-appartement~a-louer~montreal-le-plateau-mont-royal/14671081,6,"1 mois gratuit en promotion, piscine intérieure chauffée, terrasse sur le toit, gym, sauna, animaux acceptés, stationnement garage 220$/mois, Walk Score 98",https://mspublic.centris.ca/media.ashx?id=ADDD250DA187038DDDDDDDDDDD&t=pi&w=1024&h=640&sm=c
2026-07-21,vu,"4½ avec cour arrière clôturée et terrasse - rue St-Hubert, Plateau",Le Plateau-Mont-Royal,"5155 Rue St-Hubert, Montréal",2290,950,2,non,Laurier,verte,4 (estimé),Kijiji,https://www.kijiji.ca/v-apartments-condos/ville-de-montreal/4-1-2-plateau-mont-royal/1740847537,6,"Cour arrière clôturée avec espace gazonné et terrasse (pas de balcon à proprement parler), à quelques pas du parc Laurier et du métro Laurier, chauffage et eau chaude inclus, stationnement additionnel 75$/mois, animaux limités, disponible 1er sept. 2026",https://media.kijiji.ca/api/v1/ca-prod-fsbo-ads/images/b8/b8e63fe6-bdc6-4be8-87b0-0dcc384f974e?rule=kijijica-960-jpg
2026-07-21,vu,"5½ meublé, 3 chambres, balcon - 13e Avenue (Villeray, près métro Saint-Michel)",Villeray,"13e Avenue (adresse exacte n/d), Montréal",2265,n/d,3,oui,Saint-Michel,bleue,2,LogisQuébec,https://www.logisquebec.com/appartement-a-louer-villeray_saint-michel_parc-extension-l354370,6,"Entièrement meublé, balcon sur rue, animaux non acceptés, disponible immédiatement (bail jusqu'au 30 juin 2027), secteur Villeray-Saint-Michel",https://i.logisquebec.com/i-a-louer/16366/354370/1%20-%20cuisine%20avec%20ilot%20et%20tabourets_jpg_6a5e4a4704c3f.jpg
2026-07-20,vu,"4½ spacieux de 1350 pi², rez-de-chaussée - rue Saint-Hubert (Villeray, près métro Jarry)",Villeray,"8017 Rue Saint-Hubert, Montréal",2075,1350,2,n/d,Jarry,orange,5,LogisQuébec,https://www.logisquebec.com/appartement-a-louer-villeray_saint-michel_parc-extension-l340536,6,"Rez-de-chaussée, plafonds 10 pieds, îlot de cuisine, électroménagers inclus, climatisation incluse, stationnement privé inclus, disponible dès maintenant",
2026-07-20,vu,"5 1/2, 3 chambres fermées, 2 salles de bain - rue Saint-Gérard (Villeray, près métro Jean-Talon)",Villeray,"7442, Rue Saint-Gérard, Montréal",2300,1011,3,n/d,Jean-Talon (estimé),bleue/orange,7 (estimé),Centris,https://www.centris.ca/en/condos-apartments~for-rent~montreal-villeray-saint-michel-parc-extension/25184748,6,"1011 pi², rez-de-chaussée d'un duplex, thermopompe murale (chauffage/clim), 2 stationnements disponibles (150$/mois), planchers de bois franc, walk score 99, dispo 13 juillet 2026",https://mspublic.centris.ca/media.ashx?id=ADDD250DA156B3ADDDDDDDDDD0&t=pi&w=1260&h=1024&sm=c
2026-07-17,vu,"5½ rénové 1000 pi², cour privée exclusive - boulevard Rosemont",Rosemont-La Petite-Patrie,"n/d (Boul. Rosemont, Montréal, QC H1Y 1M5)",2215,1000,3,n/d,"Rosemont (à vérifier, adresse exacte non précisée)",orange,10 (estimé),Kijiji,https://www.kijiji.ca/v-apartments-condos/ville-de-montreal/appartement-5-1-2-rosemont-la-petite-patrie/1740125612,6,"Entièrement rénové, climatisation incluse, cour privée exclusive aux locataires, animaux (chiens) acceptés, aucun stationnement inclus, bail 1 an, dispo 1er août 2026, distance au métro incertaine (adresse précise non indiquée dans l'annonce)",https://media.kijiji.ca/api/v1/ca-prod-fsbo-ads/images/f6/f6ba5694-b433-4ed1-9bc1-e245d25714b2?rule=kijijica-960-jpg
2026-07-16,vu,"5½ rénové 3 chambres, stationnement inclus - rue Saint-Hubert (Villeray), proche Jean-Talon/Jarry",Villeray,"7639 Rue Saint-Hubert, Montréal",2200,1050,3,n/d,Jean-Talon ou Jarry (à vérifier),orange,5 (estimé),DuProprio,https://duproprio.com/fr/location/montreal/villeray-st-michel-parc-extension/5-1-2-a-louer/hab-7639-rue-st-hubert-1132037,6,"Rez-de-chaussée, électroménagers inclus (cuisinière, climatiseur, lave-vaisselle, laveuse, réfrigérateur, sécheuse), 1 stationnement inclus, dispo immédiatement, balcon non précisé dans l'annonce",https://photos.duproprio.com/photos/public/for_rent/202605/1132037/5-1-2-villeray-st-michel-parc-extension-600-15655024.jpg
2026-07-15,vu,"Cession de bail 4 1/2 (2 ch. + bureau), 2 balcons, près métro Préfontaine",Hochelaga-Maisonneuve,"1841, Rue Saint-Germain, Montréal (Mercier/Hochelaga-Maisonneuve)",2195,n/d,2,oui,Préfontaine,verte,10,Centris,https://www.centris.ca/fr/condo-appartement~a-louer~montreal-mercier-hochelaga-maisonneuve/25697495,6,"Cession de bail, 2e et dernier étage, semi-meublé avec électroménagers inclus, balcon avant + terrasse arrière, 1 stationnement (allée), animaux acceptés (chiens inclus), Walk Score 96, près rue Ontario (commerces/restos), disponible ~7 jours après acceptation",https://mspublic.centris.ca/media.ashx?id=ADDD250DA16F1EEDDDDDDDDDD4&t=pi&w=640&h=480&sm=c
2026-07-15,vu,"5 1/2 lumineux, 2 balcons – Villeray (rue de Castelnau Est)",Villeray,"361 Rue de Castelnau Est, Montréal, QC H2R",1980,n/d,3,oui,Jean-Talon,orange/bleue,2,Marketplace,https://www.facebook.com/marketplace/item/4364819800401491,6,"3 chambres fermées, 2 salles de bain, 2 balcons, tous électros inclus + climatiseur, 1 animal accepté, à quelques pas de cafés/restos/commerces/parcs/épiceries, dispo 15 sept 2026, bail 1 an — lien Marketplace exige une connexion Facebook",https://scontent-yyz1-1.xx.fbcdn.net/v/t39.30808-6/738175791_122163358448956236_8893879274479902982_n.jpg?stp=c181.0.1086.1086a_dst-jpg_tt6&cstp=mx1086x1086&ctp=s565x565&_nc_cat=106&ccb=1-7&_nc_sid=454cf4&_nc_ohc=rpx2E0vyW3kQ7kNvwGfclmJ&_nc_oc=AdpALm3YusJq0Maav6el9qX4etr-2lUMEAPvYv1MfGvC3tr715UbWgD4CmQchGPjt44&_nc_zt=23&_nc_ht=scontent-yyz1-1.xx&_nc_gid=EBKM-YBwAXSEbwqv2KAm-A&_nc_ss=7f2a8&oh=00_AQALNx8M-H3ukcmH2qnLjQMRNiPmxzCkC373khtB7tqWEQ&oe=6A5D6801
2026-07-15,vu,5 1/2 meublé 1200 pi2 avec cour – Plateau,Le Plateau-Mont-Royal,Rue Sewell (H2W 1V9),2099,1200,2,n/d,Sherbrooke,orange,10,Marketplace,https://www.facebook.com/marketplace/item/1019005031103806,6,"5 1/2 meublé de 1200 pi2 : 2 chambres + pièce supplémentaire + salle de lavage, cour arrière privée, entrée privée, électros neufs, vue sur parc. 10 min à pied du métro Sherbrooke et de McGill selon la fiche, dispo 1er septembre. Lien Facebook (connexion requise)",https://scontent-yyz1-1.xx.fbcdn.net/v/t39.30808-6/744858739_10165155610490786_1771055700003483249_n.jpg?stp=c342.0.1364.1364a_dst-jpg_tt6&cstp=mx1364x1364&ctp=s565x565&_nc_cat=111&ccb=1-7&_nc_sid=454cf4&_nc_ohc=K4tM_CSheCoQ7kNvwEVm0M8&_nc_oc=Adr-C6MeJfiuug8uyEwRuwdFFh7Xv6Ka03-bESw5VsBoVE8Y1b4CTD5PKQKPUfRJmO8&_nc_zt=23&_nc_ht=scontent-yyz1-1.xx&_nc_gid=yYLPvMa76LbSuFVLINSV0A&_nc_ss=7f2a8&oh=00_AQCNsVfbH6vfqg264B34f74Hj2CUebDBcYc18lipFA0U3A&oe=6A5D6C01
2026-07-15,vu,"4½ rénové, 1000 pi², près métro Laurier – Plateau (Parc-Lafontaine)",Le Plateau-Mont-Royal,"4225 Rue de Lanaudière, Montréal, QC H2J 3N8",1900,1000,2,n/d,Laurier,orange,10 (estimé),Kijiji,https://www.kijiji.ca/v-apartments-condos/ville-de-montreal/tres-beau-4-recemment-renove-au-coeur-du-plateau-mont-royal/1739158104,6,"2e étage, laveuse-sécheuse-poêle-frigo inclus, non-fumeur, pas d'animaux, aucun stationnement, dispo 1er juillet 2026, près parc La Fontaine, walk score 10/10",https://media.kijiji.ca/api/v1/ca-prod-fsbo-ads/images/15/15437f31-23a1-4bd9-9a52-5d9b817ca005?rule=kijijica-960-jpg
2026-07-13,vu,"4 1/2 sur 2 étages, condo neuf « Joseph », balcon, près métro Joliette",Rosemont-La Petite-Patrie,"3420 boul. Saint-Joseph Est, Montréal, QC H1X 0A6",2150,n/d,2,oui,Joliette,verte,10 (estimé),Kijiji,https://www.kijiji.ca/v-apartments-condos/ville-de-montreal/4-5-sur-2-etages-condo-appartement-a-louer-rosemont-joseph/1727979165,6,"Condo neuf « Joseph » sur 2 étages, face au parc Lafond, eau chaude et climatisation incluses, électros neufs (laveuse-sécheuse inclus), piscine extérieure/gym/stationnement intérieur payant, animaux acceptés, superficie non précisée, près Stade olympique et Jardin botanique",https://media.kijiji.ca/api/v1/ca-prod-dealer-ads/images/2a/2a378c4c-30df-42fd-8c0d-515e4ee71bc4?rule=kijijica-960-jpg
2026-07-12,vu,5½ 2e étage Jarry Est rénové,Villeray,"582 rue Jarry Est, Montréal",2300,n/d,3,oui,Jarry,orange,2,LogisQuébec,https://www.logisquebec.com/appartement-a-louer-villeray_saint-michel_parc-extension-l353442,6,"5½ 3 chambres fermées, rénové, climatisation murale, balcons avant et arrière, métro Jarry à 103 m, disponible immédiatement, enquête de crédit exigée",
2026-08-02,vu,"4½ rénové (2 chambres), 1000 pi², chauffage et eau chaude inclus - Plateau, près métro Laurier",Le Plateau-Mont-Royal,"1800, boulevard Saint-Joseph Est, app. 6, Montréal",1900,1000,2,n/d,Laurier,orange,5 (estimé),Centris,https://www.centris.ca/fr/condo-appartement~a-louer~montreal-le-plateau-mont-royal/26982178,5,"Semi-meublé (frigo, cuisinière, divan inclus), chauffage et eau chaude inclus, libre 1er juillet 2026, Walk Score 99.",https://mspublic.centris.ca/media.ashx?id=ADDD250DA1158A7DDDDDDDDDDC&t=pi&w=1024&h=640&sm=c
2026-08-02,vu,"4½ neuf avec balcon privé - Le Richmar, Petite Italie",Villeray-Saint-Michel-Parc-Extension,"105, Rue Jean-Talon Ouest, app. 204, Montréal",2100,n/d,2,oui,De Castelnau,bleue,n/d (estimé proche),Centris,https://www.centris.ca/fr/condo-appartement~a-louer~montreal-villeray-saint-michel-parc-extension/11622239,5,"Immeuble neuf « Le Richmar » (74 unités) en Petite Italie, location sur plan (aucune visite physique), 7 pièces au total, salle d'entraînement, terrasse sur le toit avec BBQ, garage intérieur avec bornes de recharge, animaux acceptés sous conditions, disponible 1er octobre 2026, superficie non précisée",https://mspublic.centris.ca/media.ashx?id=ADDD250DA4AE742DDDDDDDDDDA&t=pi&w=1024&h=640&sm=c
2026-07-30,vu,"4½ rénové, 2 chambres, 950 pi², accès cour arrière - juste à côté du métro Beaubien (La Petite-Patrie)",Rosemont-La Petite-Patrie,"6368, Avenue De Chateaubriand, Montréal, QC H2S 2N4",1950,950,2,n/d,Beaubien,orange,1,Kijiji,https://www.kijiji.ca/v-apartments-condos/ville-de-montreal/4-5-in-petite-patrie-next-to-metro-beaubien/1738727392,5,"À moins d'une minute de marche du métro Beaubien, électroménagers inclus (frigo/cuisinière/laveuse-sécheuse), accès à la cour arrière, petits animaux acceptés, enquête de crédit exigée, hydro en sus, pas de stationnement, disponible juin 2026",https://media.kijiji.ca/api/v1/ca-prod-fsbo-ads/images/f0/f0f8e87e-9994-4b4c-b0ba-c5b8b4521a2e?rule=kijijica-960-jpg
2026-07-24,vu,"5½ de 1000 pi², 2 chambres, grande cour privée - Plateau (rue Parthenais), 5 min du métro Mont-Royal",Le Plateau-Mont-Royal,"4242, Rue Parthenais, Montréal, QC H2H 2G3",1900,1000,2,n/d,Mont-Royal,orange,5,Kijiji,https://www.kijiji.ca/v-apartments-condos/ville-de-montreal/5-2-ch-plateau-est-cour-privee-stationnement-tout-equipe/1737761531,5,"Rez-de-chaussée, très grande cour arrière privée (pas de balcon mentionné), 2 places de stationnement en sus, laveuse/sécheuse et lave-vaisselle inclus, chauffage et eau chaude inclus, animaux à discuter, disponible immédiatement",https://media.kijiji.ca/api/v1/ca-prod-fsbo-ads/images/b0/b0fe6894-b114-43bf-8514-ba73e88eb136?rule=kijijica-960-jpg
2026-07-23,vu,4½ meublé avec balcon refait à neuf - entre les métros Jarry et Jean-Talon (Villeray),Villeray,"Secteur Villeray, entre métro Jarry et Jean-Talon, Montréal",2000,n/d,2,oui,Jarry ou Jean-Talon (à vérifier),orange,8 (estimé),Marketplace,https://www.facebook.com/marketplace/item/1200370795499483,5,"Appartement meublé (2 lits queen, meubles inclus), balcon refait à neuf à l'arrière, à 5 min à pied du parc Jarry et 10 min du marché Jean-Talon, 2e étage d'un duplex, lien exige une connexion Facebook",https://scontent-yyz1-1.xx.fbcdn.net/v/t39.84726-6/719951504_1525424678988571_3029279822230004988_n.jpg?stp=c0.87.526.526a_dst-jpg_p526x395_tt6&_nc_cat=108&ccb=1-7&_nc_sid=92e707&_nc_ohc=1GvmU2MuoZYQ7kNvwGQoY7P&_nc_oc=AdoTdsiH2zz9uO5Fd_ygBkJLJi0OpX-UJyx11ydhdL0cY2WAinKXNKxj7G3DpqNMvvc&_nc_zt=14&_nc_ht=scontent-yyz1-1.xx&_nc_gid=I01Huqn8cRYQWCF5daV0fw&_nc_ss=7f2a8&oh=00_AQDrBcwEvZHdYqd9spbMH4nzFS0cAnJtwO-FuyEAgUC8XQ&oe=6A683EFF
2026-07-23,vu,"2 chambres, 950 pi² au rez-de-chaussée - rue Jarry Est (Villeray), à 1-2 coins de rue du métro Jarry",Villeray,"659, Rue Jarry Est, app. 4, Montréal",2000,950,2,n/d,Jarry,orange,2 (estimé),Zumper,https://www.zumper.com/apartment-buildings/p1626378/659-rue-jarry-e-parc-jarry-montreal-qc,5,"Entièrement rénové, nouveaux électroménagers, chauffage au gaz, climatiseur mural, laveuse-sécheuse dans l'unité, animaux acceptés, hydro en sus",https://img.zumpercdn.com/903928655/1280x960?auto=format
2026-07-23,vu,"2 chambres, 925 pi² - avenue d'Outremont (Villeray), à 3-4 min du métro Acadie",Villeray,"6900, Avenue d'Outremont, app. 307, Montréal",2200,925,2,n/d,Acadie,bleue,3-4,Centris,https://www.centris.ca/fr/condo-appartement~a-louer~montreal-villeray-saint-michel-parc-extension/10336702,5,"Stationnement intérieur inclus, immeuble neuf (2019), secteur en développement près du campus MIL de l'Université de Montréal, Walk Score 98",https://mspublic.centris.ca/media.ashx?id=ADDD250DADE3F27DDDDDDDDDDE&t=pi&w=1024&h=640&sm=c
2026-07-23,vu,"2 chambres, 954 pi² - rue Guizot Ouest (Villeray), près du parc Jarry",Villeray,"5, Rue Guizot Ouest, app. 202, Montréal",2335,954,2,n/d,Jarry,orange,8-10 (estimé),Centris,https://www.centris.ca/fr/condo-appartement~a-louer~montreal-villeray-saint-michel-parc-extension/13280662,5,"Eau chaude et internet inclus, immeuble neuf (2022), adjacent au parc Jarry, Walk Score 95",https://mspublic.centris.ca/media.ashx?id=ADDD250DA4D9F96DDDDDDDDDDB&t=pi&w=1260&h=1024&sm=c
2026-07-22,vu,"Grand 3 chambres - Place Victor-Bourgeau (Rosemont), à 7 min du métro Pie-IX",Rosemont-La Petite-Patrie,"3827, Place Victor-Bourgeau, app. 2e étage, Montréal",1950,n/d,3,n/d,Pie-IX,verte,7,Centris,https://www.centris.ca/fr/condo-appartement~a-louer~montreal-rosemont-la-petite-patrie/10515269,5,"Walk Score 92, quartier calme et verdoyant, immeuble de 1950, disponible 1er juin 2026",https://mspublic.centris.ca/media.ashx?id=ADDD250DE61F41BDDDDDDDDDD1&t=pi&w=1260&h=1024&sm=c
2026-07-22,vu,"4 pièces, 2 chambres avec balcon privé - rue Drolet (Plateau/Mile-End)",Le Plateau-Mont-Royal,"4868, Rue Drolet, Montréal",2095,n/d,2,oui,Laurier (estimé),orange,6 (estimé),Centris,https://www.centris.ca/fr/condo-appartement~a-louer~montreal-le-plateau-mont-royal/12638852,5,"Semi-meublé, non-fumeurs, Walk Score 100, 2e étage, disponible 1er août 2026, superficie non précisée",https://mspublic.centris.ca/media.ashx?id=ADDD250DA13D7EBDDDDDDDDDD4&t=pi&w=1260&h=1024&sm=c
2026-07-22,vu,"2 chambres (1080 pi²), sous-sol rénové - rue Marie-Anne Est (Plateau)",Le Plateau-Mont-Royal,"2484, Rue Marie-Anne Est, app. 1, Montréal",2075,1080,2,n/d,Mont-Royal ou Frontenac (à vérifier),orange,8 (estimé),Centris,https://www.centris.ca/fr/condo-appartement~a-louer~montreal-le-plateau-mont-royal/14193012,5,"Unité en sous-sol (condo sur 2 niveaux), animaux non acceptés, Walk Score 97, disponible 1er sept 2026",https://mspublic.centris.ca/media.ashx?id=ADDD250DA15EC73DDDDDDDDDDF&t=pi&w=1260&h=1024&sm=c
2026-07-22,vu,"2 chambres avec terrasse privée - rue Boyer (Villeray), à 5 min du métro Jean-Talon",Villeray,"7236, Rue Boyer, Montréal",2300,n/d,2,oui,Jean-Talon,orange/bleue,5,Centris,https://www.centris.ca/fr/condo-appartement~a-louer~montreal-villeray-saint-michel-parc-extension/25783192,5,"Terrasse privée spacieuse, exposition sud-ouest, 2e étage, salle de bain rénovée, animaux non acceptés, semi-meublé, disponible 1er juillet 2026",https://mspublic.centris.ca/media.ashx?id=ADDD250DAD1568EDDDDDDDDDDE&t=pi&w=1260&h=1024&sm=c
2026-07-21,vu,"Maison de ville 3 chambres, 30 sec. du métro Joliette (Marketplace)",Hochelaga-Maisonneuve,"n/d (Montréal, QC)",2286,n/d,3,n/d,Joliette,verte,1 (estimé),Marketplace,https://www.facebook.com/marketplace/item/937512682223269,5,"Maison de ville sur 2 étages, construction 2022, bien insonorisée/isolée, à ~70 m (232 pi) du métro Joliette (ligne verte), 5 min à pied du Stade olympique et du parc Maisonneuve, 5 électroménagers inclus + climatiseur, chats acceptés (pas de chien). Prix promotionnel (1 mois gratuit, 11 paiements de 2495$, prix effectif affiché 2286$/mois). Superficie non précisée. Lien Facebook (connexion requise)",https://scontent-yyz1-1.xx.fbcdn.net/v/t39.30808-6/695533556_26680042614991015_3858715915734079399_n.jpg?stp=c0.169.1536.1536a_dst-jpg_tt6&cstp=mx1536x1536&ctp=s565x565&_nc_cat=111&ccb=1-7&_nc_sid=454cf4&_nc_ohc=KTZncwxQFmoQ7kNvwHfwwo5&_nc_oc=Ado4CpQxclhHJOhRwML4zuwnarUD2KC8ZJod-1TQhIMQwe3qlDVkd7pZXkkMCjB6AGA&_nc_zt=23&_nc_ht=scontent-yyz1-1.xx&_nc_gid=ye39ADDWTO92n3hVi4vUhw&_nc_ss=7f2a8&oh=00_AQB29QcdgQcUH0a5p0mMoQC4dDWKsB094Cm8Yu8nBhoFpA&oe=6A65B2CE
2026-07-21,vu,"4½ rénové, terrasse commune sur le toit - avenue Papineau (Villeray, près métro Fabre)",Villeray,"7145, Avenue Papineau, app. 209, Montréal",2295,966,2,non (terrasse commune sur le toit),Fabre (à vérifier),bleue,1 (estimé),Centris,https://www.centris.ca/fr/condo-appartement~a-louer~montreal-villeray-saint-michel-parc-extension/25866247,5,"966 pi², 2 salles de bain, ascenseur, insonorisation béton, stationnement garage optionnel (100$/mois), disponible 1er juillet 2026, distance au métro Fabre à vérifier (adresse sur avenue Papineau, assez éloignée du tracé habituel de la station)",https://mspublic.centris.ca/media.ashx?id=ADDD250DA112268DDDDDDDDDDA&t=pi&w=640&h=480&sm=c
2026-07-20,vu,"5 1/2, 3 chambres fermées - rue Ontario Est (Hochelaga-Maisonneuve, près métro Préfontaine)",Hochelaga-Maisonneuve,"3547, Rue Ontario Est, Montréal",1995,n/d,3,n/d,Préfontaine (estimé),verte,10 (estimé),Centris,https://www.centris.ca/en/condos-apartments~for-rent~montreal-mercier-hochelaga-maisonneuve/10439922,5,"construit en 1957, walk score 98, dispo 1er juillet 2026, superficie non précisée, distance au métro estimée à partir de l'adresse",https://mspublic.centris.ca/media.ashx?id=ADDD250DE6AB5B6DDDDDDDDDDE&t=pi&w=1260&h=1024&sm=c
2026-07-19,vu,"4½ à céder – Villeray, 2 chambres fermées, balcon (Marketplace)",Villeray,"n/d (secteur Villeray, près métro Castelnau)",2367,n/d,2,oui,Castelnau,orange,2,Marketplace,https://www.facebook.com/marketplace/item/2227879828059640,5,"Condo moderne 2e étage, stationnement intérieur, tous électros inclus (lave-vaisselle, laveuse-sécheuse), animaux acceptés, dispo 1er sept 2026, à 2 min de la station Castelnau et de la gare Parc, à moins de 5 min de la Petite Italie et du marché Jean-Talon. Lien Facebook (connexion requise)",https://scontent-yyz1-1.xx.fbcdn.net/v/t39.30808-6/751071826_10164875789774427_3752394249248914976_n.jpg?stp=c181.0.1086.1086a_dst-jpg_tt6&cstp=mx1086x1086&ctp=s565x565&_nc_cat=105&ccb=1-7&_nc_sid=946e27&_nc_ohc=Knb577I_QIQQ7kNvwHRURl7&_nc_oc=AdpbxRYFmapFBEQPrC-_hmjYxOXo72tZ-p3CMQU5NBPUrVItHwHBTrgtLoc6wHMBtWo&_nc_zt=23&_nc_ht=scontent-yyz1-1.xx&_nc_gid=l5CS9zZsCO7-lUvHOJjbjg&_nc_ss=7f2a8&oh=00_AQAA-uj7lhihOErymRJc0BP7_KKrvcik23WWAhRADb1gcQ&oe=6A62F372
2026-07-17,vu,Condo 4½ semi-meublé face au parc Père-Marquette - Rosemont,Rosemont-La Petite-Patrie,"n/d (face au parc Père-Marquette, Montréal)",2200,970,2,non (terrasse commune sur le toit),Rosemont,orange,10,Kijiji,https://www.kijiji.ca/v-apartments-condos/ville-de-montreal/condo-4-a-louer-dans-rosemont-la-petite-patrie/1739545131,5,"Semi-meublé, buanderie privée, lave-vaisselle, climatisation, rangement au sous-sol, dispo 1er juillet 2026",https://media.kijiji.ca/api/v1/ca-prod-fsbo-ads/images/c3/c32bb989-3256-4fd9-b5c7-30a77bfd8b2b?rule=kijijica-960-jpg
2026-07-17,vu,"4½ rénové 2024, balcon privé, dernier étage - rue Foucher (Villeray), près métro Jarry",Villeray,"8325B Rue Foucher, Montréal",1900,n/d,2,oui,Jarry,orange,7,Centris,https://www.centris.ca/en/condos-apartments~for-rent~montreal-villeray-saint-michel-parc-extension/20638950,5,"Dernier étage sans voisin au-dessus, puits de lumière, chats acceptés, proche pharmacie/dépanneur/restos, dispo 1er juillet 2026",https://mspublic.centris.ca/media.ashx?id=ADDD250DA1701B6DDDDDDDDDD0&t=pi&w=1024&h=640&sm=c
2026-07-16,vu,"4½ rénové, balcon, à 5 min des métros Parc/Acadie",Villeray-Saint-Michel-Parc-Extension (secteur Parc-Extension),"6904 Rue Hutchison, Montréal",1995,n/d,2,oui,Parc ou Acadie,orange,5,DuProprio,https://duproprio.com/fr/location/montreal/villeray-st-michel-parc-extension/4-1-2-a-louer/hab-6904-hutchison-1135219,5,"2e étage, entrée privée, électros + climatiseur inclus, dispo immédiatement, proche campus MIL de l'UdeM et Marché Central. Secteur Parc-Extension plutôt que le coeur de Villeray.",https://photos.duproprio.com/photos/public/for_rent/202606/1135219/4-1-2-villeray-st-michel-parc-extension-600-15733731.jpg
2026-07-16,vu,"4½ semi-meublé, 2 balcons, secteur Marie-Anne/de Lorimier",Le Plateau-Mont-Royal,"3514 Avenue De Lorimier, Montréal",2050,n/d,2,oui,Mont-Royal (à vérifier),orange,12 (estimé),Centris,https://www.centris.ca/fr/condo-appartement~a-louer~montreal-le-plateau-mont-royal/25841083,5,"2 balcons, plafonds 9 pieds, double salon, animaux acceptés sous conditions, dispo 8 juin 2026, distance au métro estimée (non confirmée par l'annonce)",https://mspublic.centris.ca/media.ashx?id=ADDD250DA140A2CDDDDDDDDDD4&t=pi&w=1260&h=1024&sm=c
2026-07-16,vu,4½/5½ rénové avec terrasse sur le toit - 23e Avenue (Rosemont),Rosemont-La Petite-Patrie,"6904, 23e Avenue, Montréal",2200,n/d,2,oui (terrasse sur le toit),Beaubien ou Rosemont (à vérifier),orange,10 (estimé),Centris,https://www.centris.ca/fr/condo-appartement~a-louer~montreal-rosemont-la-petite-patrie/21529896,5,"Immeuble annonçant des unités jusqu'à 1200 pi² (superficie exacte de cette unité non confirmée), terrasse sur le toit commune, stationnement intérieur +100$/mois, animaux sous conditions, 2 mois gratuits, dispo 1er avril 2026",https://mspublic.centris.ca/media.ashx?id=ADDD250DE5F3D7ADDDDDDDDDD2&t=pi&w=1260&h=1024&sm=c
2026-07-15,vu,5 1/2 à 5 min du métro Papineau – Ville-Marie/Le Village,Ville-Marie (Centre-Sud),Secteur station Papineau (adresse exacte n/d),2000,n/d,3,n/d,Papineau,verte,5,Marketplace,https://www.facebook.com/marketplace/item/1880955355936721,5,"5 1/2 avec électros inclus (frigo, poêle, laveuse, sécheuse), électricité et chauffage en sus. Métro Papineau à 5 min/350 m et Beaudry à 9 min/600 m selon la fiche. Superficie non indiquée. Lien Facebook (connexion requise)",https://scontent-yyz1-1.xx.fbcdn.net/v/t39.84726-6/702570444_965981126154971_7860153536382112939_n.jpg?stp=c135.0.540.540a_dst-jpg_p180x540_tt6&_nc_cat=103&ccb=1-7&_nc_sid=92e707&_nc_ohc=YneU80YO-OUQ7kNvwEMKKPR&_nc_oc=AdqQpL92df6JuIzjTm69wGLTEPS_1V8hsWZAM0tXrGbWDNVejO5RWBTaXAMGV0_3PmA&_nc_zt=14&_nc_ht=scontent-yyz1-1.xx&_nc_gid=DmO9x3asu-QmYjoryvRuXw&_nc_ss=7f2a8&oh=00_AQBudC_waGB9vyBBikfqMR4ldQ2tCfCUG-jhdbBvYBGK7A&oe=6A5DA048
2026-07-15,vu,Grand 6 1/2 rénové 4 chambres – rue Dézéry,Hochelaga-Maisonneuve,1478 rue Dézéry,2100,n/d,4,n/d,Préfontaine,verte,6,Marketplace,https://www.facebook.com/marketplace/item/996541189451973,5,"6 1/2 entièrement rénové, 4 chambres, laveuse et sécheuse incluses, près de la rue Ontario Est. La fiche mentionne le métro Viau mais l'adresse est en fait à ~6 min à pied de Préfontaine (ligne verte, à l'ouest de Pie-IX). Superficie non indiquée. Lien Facebook (connexion requise)",https://scontent-yyz1-1.xx.fbcdn.net/v/t39.30808-6/720228177_1306788231541291_7590507790785404579_n.jpg?stp=c0.167.1543.1543a_dst-jpg_tt6&cstp=mx1543x1543&ctp=s565x565&_nc_cat=100&ccb=1-7&_nc_sid=946e27&_nc_ohc=iZQOOaTW0cIQ7kNvwEyMuvN&_nc_oc=Adp5JfNLtujsJ-FoPwyVSLHIsN4Fp1OHVYUjEZsKqZtTJ-zw9HiwKtu0-otG8pSV1Ug&_nc_zt=23&_nc_ht=scontent-yyz1-1.xx&_nc_gid=DmO9x3asu-QmYjoryvRuXw&_nc_ss=7f2a8&oh=00_AQDrv_S-F8xizI4jJzIXeDM0ZqtsTCvZjjD9hMqbW4xx5g&oe=6A5D930D
2026-07-15,vu,4 1/2 rénové 2 chambres avec cour – Petite Italie,La Petite-Patrie,Rue Drolet entre St-Zotique et Bélanger,2300,950,2,n/d,Beaubien,orange,6,Marketplace,https://www.facebook.com/marketplace/item/869673732860172,5,"4 1/2 rénové, 950 pi2, 2 chambres fermées avec rangements intégrés, cuisine rénovée avec îlot, grande cour arrière privée avec remise. Petite Italie, à deux pas du marché Jean-Talon. Lien Facebook (connexion requise)",https://scontent-yyz1-1.xx.fbcdn.net/v/t45.5328-4/730120213_2240322190063726_502660368798558142_n.jpg?stp=c0.87.526.526a_dst-jpg_p526x395_tt6&_nc_cat=103&ccb=1-7&_nc_sid=247b10&_nc_ohc=hha1ljqLIIYQ7kNvwFKmpJ9&_nc_oc=AdoS60VDWcE7lmKj0eEjd2YW_J4Fk9AcMc_aBx8zzKmkriEb4Tbdy0Qv9KMYCa3RHBM&_nc_zt=23&_nc_ht=scontent-yyz1-1.xx&_nc_gid=jI9ZE0EjGyFqTM97Yzl5mA&_nc_ss=7f2a8&oh=00_AQC61rgjJ4mtmN97tFED2D60srRInJ_PPGwLKZaJWsd7xQ&oe=6A5D81CB
2026-07-12,vu,"5 1/2 rénové, 995 pi², près Promenade Masson – Rosemont",Rosemont-La Petite-Patrie,"5472 1ere Avenue, Montréal",2200,995,3,n/d,n/d,n/d,n/d,DuProprio,https://duproprio.com/fr/location/montreal/rosemont-la-petite-patrie/5-1-2-a-louer/hab-5472-1ere-avenue-882773,5,"Chauffage au plancher radiant, climatisation, cour privée avec remise, près Promenade Masson et parc Pélican, non-fumeurs",https://photos.duproprio.com/photos/public/for_rent/201911/882773/5-1-2-plateau-mont-royal-1600-10690669.jpg
2026-08-03,vu,"5912 Saint-Hubert, 3 chambres fermées - Rosemont/Petite-Patrie (près métro Beaubien)",Rosemont-La Petite-Patrie,"5912, Rue Saint-Hubert, Montréal",2300,n/d,3,n/d,Beaubien (estimé),orange,n/d (estimé),Centris,https://www.centris.ca/fr/condo-appartement~a-louer~montreal-rosemont-la-petite-patrie/25204133,4,"Semi-meuble, immeuble de 1989, 1 salle de bain + 1 salle d'eau, aucun animal, disponible 3 jours apres acceptation de la promesse de location, Walk Score 97, balcon non mentionne dans l'annonce, distance exacte au metro non precisee.",https://mspublic.centris.ca/media.ashx?id=ADDD250DA15BA0BDDDDDDDDDDD&t=pi&w=1260&h=1024&sm=c
2026-08-02,vu,"3 grandes chambres, entièrement rénové - Villeray",Villeray-Saint-Michel-Parc-Extension,"7635, Rue Saint-Hubert, Montréal",2250,n/d,3,n/d,Jarry,orange,11,Centris,https://www.centris.ca/fr/condo-appartement~a-louer~montreal-villeray-saint-michel-parc-extension/25817021,4,"Moderne et entièrement rénové, aire ouverte et abondante lumière naturelle, animaux acceptés sous conditions, non-fumeur, stationnement en location (1-100$/mois), quartier dynamique de Villeray, balcon non mentionné dans l'annonce, disponible dès maintenant",https://mspublic.centris.ca/media.ashx?id=ADDD250DAD627F1DDDDDDDDDD2&t=pi&w=1260&h=1024&sm=c
2026-07-29,vu,"Grand condo 3 chambres, secteur Côte-des-Neiges-NDG, à 6 min du métro Plamondon",Notre-Dame-de-Grâce,"n/d (2180 Avenue Van Horne, Montréal)",1995,n/d,3,n/d,Plamondon,orange,6,Marketplace,https://www.facebook.com/marketplace/item/2155493188182731,4,"Grand 5 1/2 spacieux et lumineux, 3 chambres fermees, entierement renove, chauffage et eau chaude inclus, a 10 min de marche de l'UdM/Poly/HEC/Sainte-Justine. Le lien Marketplace exige une connexion Facebook.",https://scontent-yyz1-1.xx.fbcdn.net/v/t39.30808-6/481156679_664529416364719_2168568913754087784_n.jpg?stp=c0.169.1536.1536a_dst-jpg_tt6&cstp=mx1536x1536&ctp=s565x565&_nc_cat=103&ccb=1-7&_nc_sid=946e27&_nc_ohc=vw8p3HHsu2cQ7kNvwE2NDyr&_nc_oc=Ado0sgW1rFkUtz5Yp3CUfMzXbfTR62iocR7B2m5qNcRpWflXhNRclxjPXV7x2lLUP20&_nc_zt=23&_nc_ht=scontent-yyz1-1.xx&_nc_gid=HILoInAtu5S7lebdsQuqmg&_nc_ss=7f2a8&oh=00_AQDznoRo6raDcHjdnSNLqlDP69toAEwdOrt-D6F5nudkPw&oe=6A703993
2026-07-29,vu,"3 chambres fermées, secteur NDG, à ~10 min du métro Vendôme",Notre-Dame-de-Grâce,"n/d (Avenue d'Oxford, Montréal, QC H4A 2Y2)",2200,n/d,3,n/d,Vendôme,orange,10,Marketplace,https://www.facebook.com/marketplace/item/1010816048507614,4,"Petite salle de lavage, acces a la cour, beaucoup de petits commerces (epicerie, Dollarama) a proximite, ligne d'autobus 105 et 420 express pres, grand parc et voie cyclable sur Maisonneuve. Le lien Marketplace exige une connexion Facebook.",https://scontent-yyz1-1.xx.fbcdn.net/v/t39.30808-6/758964283_27986895444278763_3549468274452706154_n.jpg?stp=c0.169.1536.1536a_dst-jpg_tt6&cstp=mx1536x1536&ctp=s565x565&_nc_cat=111&ccb=1-7&_nc_sid=454cf4&_nc_ohc=wCa1Hke9Y3QQ7kNvwEPYiqS&_nc_oc=AdrMi2qF5GGrSnUUDf0cKq7CMi6xor3aP9htP7DtSInOcqEtKHrPFafre50VqkvnGns&_nc_zt=23&_nc_ht=scontent-yyz1-1.xx&_nc_gid=HILoInAtu5S7lebdsQuqmg&_nc_ss=7f2a8&oh=00_AQBUMAz4arOsqNOrUKT6EXx0Op5x1JwDM045l9BlsN0QRw&oe=6A70432A
2026-07-27,vu,"Grand condo 4 chambres fermées - rue Jean-Talon Ouest (Villeray), à ~5 min du métro Acadie",Villeray,"816, Rue Jean-Talon Ouest, Montréal",2300,n/d,4,n/d,Acadie,bleue,5-6 (estime),Centris,https://www.centris.ca/fr/condo-appartement~a-louer~montreal-villeray-saint-michel-parc-extension/25680514,4,"7 pieces / 4 chambres fermees, 2 salles de bain, animaux acceptes sous conditions, disponible 1er juillet 2026, visite virtuelle 3D. Superficie non precisee par la fiche ; balcon non mentionne.",https://mspublic.centris.ca/media.ashx?id=ADDD250DAD978B3DDDDDDDDDD1&t=pi&w=1260&h=1024&sm=c
2026-07-26,vu,"Appartement rénové (semi sous-sol), 3 chambres - avenue De Gaspé (Villeray/Petite Italie, près métro De Castelnau)",Villeray,"6695, Avenue De Gaspé, app. 1, Montréal",1900,n/d,3,n/d,De Castelnau,bleue,"9 (estimé, incertain)",Centris,https://www.centris.ca/fr/condo-appartement~a-louer~montreal-villeray-saint-michel-parc-extension/15505756,4,"Unité en semi sous-sol (moins de lumière naturelle), coin Saint-Zotique/De Gaspé, cuisine équipée, laveuse-sécheuse incluses, non-fumeurs, disponible immédiatement ou 5 jours après acceptation. Walk Score 99. Superficie et balcon non précisés, distance métro estimée non confirmée.",https://mspublic.centris.ca/media.ashx?id=ADDD250DA416127DDDDDDDDDD0&t=pi&w=1260&h=1024&sm=c
2026-07-23,vu,"3 chambres - rue Saint-Dominique (Plateau), à 8 min du métro Sherbrooke/Saint-Laurent",Le Plateau-Mont-Royal,"3554, Rue Saint-Dominique, Montréal",2300,n/d,3,n/d,Sherbrooke ou Saint-Laurent,orange,8 (estimé),Centris,https://www.centris.ca/fr/condo-appartement~a-louer~montreal-le-plateau-mont-royal/17619217,4,"Immeuble construit en 1915, stationnement ruelle 200$/mois en sus, disponible 7 jours après acceptation, Walk Score 100",https://mspublic.centris.ca/media.ashx?id=ADDD250DE31D9FDDDDDDDDDDDA&t=pi&w=1260&h=1024&sm=c
2026-07-23,vu,"2 chambres, rez-de-chaussée avec cour partagée - rue De Bullion (Plateau/Mile-End), à 5 min du métro Mont-Royal",Le Plateau-Mont-Royal,"4632, Rue De Bullion, Montréal",2095,n/d,2,non,Mont-Royal,verte,5,Centris,https://www.centris.ca/fr/condo-appartement~a-louer~montreal-le-plateau-mont-royal/16426752,4,"Semi-meublé, cour partagée (pas de balcon), animaux acceptés sous conditions, disponible 1er sept. 2026, Walk Score 100",https://mspublic.centris.ca/media.ashx?id=ADDD250DA131C84DDDDDDDDDDC&t=pi&w=1260&h=1024&sm=c
2026-07-22,vu,"3 chambres + bureau avec cour privée - rue Drolet (Villeray, près Jean-Talon/De Castelnau)",Villeray,"7372, Rue Drolet, Montréal",2350,n/d,3,non,De Castelnau,bleue,8 (estimé),Centris,https://www.centris.ca/fr/condo-appartement~a-louer~montreal-villeray-saint-michel-parc-extension/23857701,4,"Rez-de-chaussée avec cour privée (pas de balcon), immeuble de 1923, proche Marché Jean-Talon et Petite Italie, Walk Score 98, non-fumeur, animaux non acceptés, disponible 1er juillet 2026",https://mspublic.centris.ca/media.ashx?id=ADDD250DAD115E0DDDDDDDDDDC&t=pi&w=1260&h=1024&sm=c
2026-07-21,vu,"2 chambres meublé, secteur Place Valois (Hochelaga), près métro Joliette",Hochelaga-Maisonneuve,"2117A, Rue Nicolet, Montréal",2000,n/d,2,n/d,Joliette,verte,7,Centris,https://www.centris.ca/fr/condo-appartement~a-louer~montreal-mercier-hochelaga-maisonneuve/21083818,4,"Meublé et équipé (laveuse-sécheuse, frigo, cuisinière, lave-vaisselle inclus), internet inclus, secteur Place Valois, Walk Score 97, disponible 7 jours après acceptation, superficie et balcon non précisés",https://mspublic.centris.ca/media.ashx?id=ADDD250DA15AD50DDDDDDDDDDE&t=pi&w=1260&h=1024&sm=c
2026-07-21,vu,"6½ (3 chambres), rez-de-chaussée avec cour et stationnement - 27e Avenue (Rosemont, près métro D'Iberville)",Rosemont-La Petite-Patrie,"6749, 27e Avenue, Montréal",2000,n/d,3,n/d,D'Iberville,bleue,1,Centris,https://www.centris.ca/fr/condo-appartement~a-louer~montreal-rosemont-la-petite-patrie/20987825,4,"7 pièces, rez-de-chaussée de triplex avec sous-sol, cour et stationnement inclus, animaux permis sur analyse, disponible 1er juillet 2026, métro Fabre aussi accessible (~5 min)",https://mspublic.centris.ca/media.ashx?id=ADDD250DE6C9AB9DDDDDDDDDDC&t=pi&w=640&h=480&sm=c
2026-07-21,vu,"5½ semi-meublé, 3 grandes chambres - rue Saint-Hubert (Villeray, près métro Jarry)",Villeray,"7635, Rue Saint-Hubert, Montréal",2250,n/d,3,n/d,Jarry,orange,11,Centris,https://www.centris.ca/fr/condo-appartement~a-louer~montreal-villeray-saint-michel-parc-extension/25817021,4,"Semi-meublé, animaux acceptés sous conditions, disponible 1er juillet 2026, à ~11 min du métro Jarry (proche de la limite de 12 min) ; à ne pas confondre avec le 7639 rue Saint-Hubert déjà répertorié (adresse voisine, annonce distincte)",https://mspublic.centris.ca/media.ashx?id=ADDD250DAD627F1DDDDDDDDDD2&t=pi&w=640&h=480&sm=c
2026-07-17,vu,"4 chambres meublé, Plateau-Mont-Royal (Marketplace)",Le Plateau-Mont-Royal,"3681, avenue Coloniale, Montréal (H2X 2Y7)",1995,n/d,4,n/d,Mont-Royal ou Sherbrooke (à vérifier),orange,n/d,Marketplace,https://www.facebook.com/marketplace/item/1578661203923320,4,"Meublé, orienté étudiants, bail 1 an, dispo maintenant. Lien Facebook (connexion requise)",https://scontent-yyz1-1.xx.fbcdn.net/v/t39.30808-6/746058480_2385279625296639_1965210297754561149_n.jpg?stp=c93.0.895.895a_dst-jpg_tt6&cstp=mx895x895&ctp=s565x565&_nc_cat=109&ccb=1-7&_nc_sid=454cf4&_nc_ohc=ngElLDKbnLQQ7kNvwHndFuc&_nc_oc=AdpOYEcvWwImdnqaiYyy1pwfVcV2sab1mFRQ5KYGa5FE_CkYORsBa8yvv6PCL2lbQ7E&_nc_zt=23&_nc_ht=scontent-yyz1-1.xx&_nc_gid=EorVHkPe0HNRZxtO75C5fg&_nc_ss=7f2a8&oh=00_AQBlE2b8WT_3jlX6ddiFysYujtaCjsMiZRfF96JJT7pp3g&oe=6A60805A
2026-07-16,vu,"4½ moderne, thermopompe - avenue Papineau (Centre-Sud)",Ville-Marie (Centre-Sud),"2121 Avenue Papineau, app. 106, Montréal",1995,n/d,2,n/d,Papineau,verte,11 (estimé),Marketplace,https://www.facebook.com/marketplace/item/1345509854217640,4,"Thermopompe (chauffage/climatisation), 5 électros inclus, stationnement intérieur +200$/mois, dispo 1er sept 2026. Lien Facebook (connexion requise)",https://scontent-yyz1-1.xx.fbcdn.net/v/t39.30808-6/740967146_10163353758868282_6445879430357129287_n.jpg?stp=c267.0.1067.1067a_dst-jpg_tt6&cstp=mx1067x1067&ctp=s565x565&_nc_cat=105&ccb=1-7&_nc_sid=454cf4&_nc_ohc=NBpCPM0lMZ0Q7kNvwEgcjRv&_nc_oc=AdpKpJOW9gIXzADTI6MMd8QgF1AIUSvmXyA1OhFaypIfCHhp5Q_WLet_FlJK9JeWopU&_nc_zt=23&_nc_ht=scontent-yyz1-1.xx&_nc_gid=po_Fub79cNJDfbGc2ZS1tQ&_nc_ss=7f2a8&oh=00_AQAYyDy-ZzVKaSsRH6KHfK-C3t6CRRIgCb8d-ae59ygZwA&oe=6A5E8565
2026-07-16,vu,"6 pièces, 3 chambres - rue Fabre (Rosemont)",Rosemont-La Petite-Patrie,"6525 Rue Fabre, app. 2, Montréal",1975,n/d,3,n/d,Beaubien (à vérifier),orange,8 (estimé),Centris,https://www.centris.ca/fr/condo-appartement~a-louer~montreal-rosemont-la-petite-patrie/28139377,4,"Semi-meublé, 1 stationnement (allée), Walk Score 95, dispo 7 jours après acceptation, station de métro non précisée par l'annonce",https://mspublic.centris.ca/media.ashx?id=ADDD250DA149845DDDDDDDDDDD&t=pi&w=640&h=480&sm=c
2026-07-15,vu,Grand 4 chambres + bureau – St-André bas Plateau,Le Plateau-Mont-Royal,3855 rue St-André (H2L 3V9),2395,n/d,4,n/d,Sherbrooke,orange,7,Marketplace,https://www.facebook.com/marketplace/item/1550150270173512,4,"4 chambres (dont 1 sans fenêtre) + bureau fermé, électros inclus, dispo 1er juillet. ~7 min à pied du métro Sherbrooke (estimé depuis l'adresse). Superficie non indiquée. Lien Facebook (connexion requise)",https://scontent-yyz1-1.xx.fbcdn.net/v/t39.30808-6/728474326_10231683771185831_6727292866936668830_n.jpg?stp=c256.0.1537.1537a_dst-jpg_tt6&cstp=mx1537x1537&ctp=s565x565&_nc_cat=100&ccb=1-7&_nc_sid=454cf4&_nc_ohc=943KDXUX1RQQ7kNvwFf3aXH&_nc_oc=AdqiIy58nJFG1aGG5u9HQW6_QOL-2IMomb6kZpX5RbtE63MiJU-sRJMxj6FOz1Mq-C8&_nc_zt=23&_nc_ht=scontent-yyz1-1.xx&_nc_gid=fqv6VHej6TNF8DZvOf_nSw&_nc_ss=7f2a8&oh=00_AQDIA5orKA1mjUQENX8o5T3X6Cteocg2jKTYaTNLxvUcJw&oe=6A5D72DF
2026-07-12,vu,"5 1/2, 3 chambres, près métro Mont-Royal (rue de Bordeaux)",Le Plateau-Mont-Royal,"4275 Rue de Bordeaux, Montréal",2095,n/d,3,n/d,Mont-Royal,orange,10 (estimé),DuProprio,https://duproprio.com/fr/location/montreal/le-plateau-mont-royal/5-1-2-a-louer/hab-4275-bordeaux-1131937,4,"2e étage, dispo immédiatement, rien d'inclus (chauffage/électricité aux frais du locataire), à moins de 10 min du parc La Fontaine, proche avenue du Mont-Royal (commerces/cafés), balcon et superficie non précisés dans l'annonce",https://photos.duproprio.com/photos/public/for_rent/202605/1131937/plateau-mont-royal-600-15652873.jpg
2026-07-13,vu,"5 1/2, 3 chambres – Plateau (avenue de Lorimier)",Le Plateau-Mont-Royal,"4216 avenue de Lorimier, app. 204, Montréal",2150,n/d,3,n/d,Mont-Royal ou Papineau (à vérifier),orange,12 (estimé),DuProprio,https://duproprio.com/fr/location/montreal/le-plateau-mont-royal/5-1-2-a-louer/hab-204-4216-av-de-lorimier-1135328,4,"Semi-meublé, laveuse-sécheuse/cuisinière/frigo inclus, wifi inclus, 2e étage, petits animaux acceptés, dispo 1er juillet ou 1er sept 2026, balcon non précisé dans l'annonce, secteur commerçant (cafés, parcs) à pied",https://photos.duproprio.com/photos/public/for_rent/202606/1135328/5-1-2-plateau-mont-royal-600-15736059.jpg
2026-07-12,vu,"Grand 5 1/2, 3 chambres fermées – coeur du Plateau (rue Rachel Est)",Le Plateau-Mont-Royal,"62 rue Rachel Est, Montréal",2195,n/d,3,n/d,Sherbrooke ou Mont-Royal (à vérifier),orange,8 (estimé),DuProprio,https://duproprio.com/fr/location/montreal/le-plateau-mont-royal/5-1-2-a-louer/hab-5-12-62-rue-rachel-est-1132358,4,"Dernier étage, tranquille et lumineux, entrée laveuse-sécheuse, non-fumeur, chiens non acceptés, enquête de crédit requise, balcon et superficie non précisés dans l'annonce, secteur près Saint-Laurent/Saint-Denis",https://photos.duproprio.com/photos/public/for_rent/202605/1132358/5-1-2-plateau-mont-royal-1600-15661700.jpg
2026-07-23,vu,"2 chambres - rue De Lanaudière (Rosemont), à 6 min du métro Jean-Talon",Rosemont-La Petite-Patrie,"6583, Rue De Lanaudière, Montréal",1945,n/d,2,n/d,Jean-Talon,orange/bleue,6,Centris,https://www.centris.ca/fr/condo-appartement~a-louer~montreal-rosemont-la-petite-patrie/20257676,3,"Chauffage central inclus + 5 électroménagers, quintuplex de 1932, disponible 1er sept. 2026, Walk Score 94",https://mspublic.centris.ca/media.ashx?id=ADDD250DA15EA61DDDDDDDDDDE&t=pi&w=1260&h=1024&sm=c
2026-07-23,vu,"2 chambres avec cour privée - rue Demers (Plateau), près du métro Laurier",Le Plateau-Mont-Royal,"170, Rue Demers, Montréal",2350,n/d,2,non,Laurier,orange,8-10 (estimé),Centris,https://www.centris.ca/fr/condo-appartement~a-louer~montreal-le-plateau-mont-royal/15892581,3,"Thermopompe murale incluse, meublé, cour privée (pas de balcon), animaux non acceptés, secteur Mile End, Walk Score 99",https://mspublic.centris.ca/media.ashx?id=ADDD250DADFCE64DDDDDDDDDD1&t=pi&w=1260&h=1024&sm=c
2026-07-22,vu,"Spacieux 4½ rénové, 2 chambres - avenue Henri-Julien (Plateau), à 2 min du métro Laurier",Le Plateau-Mont-Royal,"5010, Avenue Henri-Julien, Montréal",2000,n/d,2,n/d,Laurier,orange,2,Centris,https://www.centris.ca/fr/condo-appartement~a-louer~montreal-le-plateau-mont-royal/13104221,3,"Cuisine et salle de bain rénovées, hauts plafonds, immeuble de 1910, chats acceptés, disponible 7 jours après acceptation, Walk Score 99",https://mspublic.centris.ca/media.ashx?id=ADDD250DA41C20BDDDDDDDDDDC&t=pi&w=1260&h=1024&sm=c
2026-07-22,vu,"4½ avec cour arrière privée - rue Rivard (Plateau), à quelques pas du métro Mont-Royal",Le Plateau-Mont-Royal,"4452, Rue Rivard, Montréal",2000,n/d,2,non,Mont-Royal,orange,3 (estimé),Centris,https://www.centris.ca/fr/condo-appartement~a-louer~montreal-le-plateau-mont-royal/14560801,3,"Cour arrière privée, lumineux et bien entretenu, Walk Score 100, animaux acceptés sous conditions, disponible 1er août 2026",https://mspublic.centris.ca/media.ashx?id=ADDD250DA44883FDDDDDDDDDDA&t=pi&w=1260&h=1024&sm=c
2026-07-20,vu,"Grand 6 1/2, 2 chambres - rue Jean-Talon Est (Rosemont, près marché Jean-Talon)",Rosemont-La Petite-Patrie,"274, Rue Jean-Talon Est, app. 302, Montréal",1950,n/d,2,n/d,Jean-Talon,orange/bleue,11,Centris,https://www.centris.ca/en/condos-apartments~for-rent~montreal-rosemont-la-petite-patrie/14545078,3,"6 pièces au total, concept ouvert, comptoirs de quartz, walk score 100, dispo 1er juillet 2026, près du marché Jean-Talon, superficie non précisée",https://mspublic.centris.ca/media.ashx?id=ADDD250DADE4013DDDDDDDDDDC&t=pi&w=1260&h=1024&sm=c
2026-07-17,vu,"Cession de bail 7½, Rosemont-La Petite-Patrie (Marketplace)",Rosemont-La Petite-Patrie,"n/d (Montréal, QC H2G 1T5)",2060,n/d,3,n/d,n/d,n/d,n/d,Marketplace,https://www.facebook.com/marketplace/item/1375157431101110,3,Cession de bail. Peu de détails disponibles dans l'annonce (pas d'adresse exacte ni de superficie). Lien Facebook (connexion requise),https://scontent-yyz1-1.xx.fbcdn.net/v/t39.84726-6/702670571_1710902896599779_1133264177050399379_n.jpg?stp=c0.86.526.526a_dst-jpg_p526x395_tt6&_nc_cat=110&ccb=1-7&_nc_sid=92e707&_nc_ohc=akFqSvK3rfAQ7kNvwG-Cqey&_nc_oc=Adrp5N9Rg13Pf-obfNZqB1ZqwyOcgjJji8vk0ggvRJiA9uCo-xDJXuQAit6O7YIGPW0&_nc_zt=14&_nc_ht=scontent-yyz1-1.xx&_nc_gid=8ft2OWSslHjx1ccZ2nFb1w&_nc_ss=7f2a8&oh=00_AQBG56r36JKH2gkm4Baddcm0ylaFria-4p9Il0vYABnyMg&oe=6A607060
2026-07-17,vu,"Condo 2 chambres semi-meublé, stationnement intérieur - rue Villeray, à 9 min du métro Fabre",Villeray,"1414 Rue Villeray, app. 105, Montréal",2350,n/d,2,n/d,Fabre,bleue,9,Centris,https://www.centris.ca/en/condos-apartments~for-rent~montreal-villeray-saint-michel-parc-extension/25583093,3,"Immeuble de 2011 (30 unités), RDC, plancher chauffant salle de bain, stationnement intérieur avec borne de recharge, casier de rangement, buanderie commune, terrasse sur le toit, Walk Score 94, dispo 1er juillet 2026",https://mspublic.centris.ca/media.ashx?id=ADDD250DAD77D67DDDDDDDDDDB&t=pi&w=1260&h=1024&sm=c
2026-07-16,vu,"4½ rénové, 2 chambres, à 3-4 min du métro Sherbrooke",Le Plateau-Mont-Royal,"3711 Rue Saint-Urbain, app. A, Montréal",2292,n/d,2,n/d,Sherbrooke,orange,4,Centris,https://www.centris.ca/fr/condo-appartement~a-louer~montreal-le-plateau-mont-royal/9588101,3,"Cuisine et salle de bain rénovées, plafonds hauts, tous électros inclus, Walk Score 100, dispo 5 jours après acceptation, à 5 min de McGill",https://mspublic.centris.ca/media.ashx?id=ADDD250DE6F28A2DDDDDDDDDDB&t=pi&w=1024&h=640&sm=c
2026-07-16,vu,"Appartement meublé haut de gamme - avenue Henri-Julien (Rosemont), près marché Jean-Talon",Rosemont-La Petite-Patrie,"6391 Avenue Henri-Julien, Montréal",2250,n/d,2,n/d,Jean-Talon (à vérifier),orange/bleue,8 (estimé),Centris,https://www.centris.ca/fr/condo-appartement~a-louer~montreal-rosemont-la-petite-patrie/10049540,3,"Meublé, finitions haut de gamme, pas d'animaux, Walk Score 98, proche marché Jean-Talon et cafés/restos, dispo 1er juin 2026, distance au métro estimée",https://mspublic.centris.ca/media.ashx?id=ADDD250DADB62FFDDDDDDDDDDD&t=pi&w=640&h=480&sm=c
2026-07-15,vu,"Superbe 2 chambres rénové, rue Beaubien - Petite-Italie",La Petite-Patrie,"Rue Beaubien (Montréal, QC)",2050,n/d,2,n/d,Beaubien,orange,5,Marketplace,https://www.facebook.com/marketplace/item/2219881575422253,3,"Entièrement rénové, cour arrière privée, Walk Score 99, à quelques pas de cafés/restos/boulangeries/épiceries fines de la Petite-Italie, à environ 10 min du marché Jean-Talon. Lien Facebook (connexion requise)",https://scontent-yyz1-1.xx.fbcdn.net/v/t39.84726-6/714823210_969706739294886_222709070726311984_n.jpg?stp=c134.0.540.540a_dst-jpg_p180x540_tt6&_nc_cat=111&ccb=1-7&_nc_sid=92e707&_nc_ohc=Q4rmFfALvM0Q7kNvwH2W42u&_nc_oc=AdpINKj09PPc8Re8DxGgY3chRB5RnttQl9NAS-AFL9O8KTqqt1dR9NYx_1WNt0O8lww&_nc_zt=14&_nc_ht=scontent-yyz1-1.xx&_nc_gid=JqfxygLQ7LNnSdbCmwTgsw&_nc_ss=7f2a8&oh=00_AQDsARrJ7YHo6O-8Zg1v5X3ykFLojfdUxVqQy1Z7t2iyQg&oe=6A5DC11E
2026-07-12,vu,"5 1/2 (avec sous-sol), 2 garages – Rosemont",Rosemont-La Petite-Patrie,"1889 Rue des Carrières, Montréal",2375,n/d,3,n/d,n/d,n/d,n/d,Centris,https://www.centris.ca/en/condos-apartments~for-rent~montreal-rosemont-la-petite-patrie/15047676,3,"Walk Score 94, 2 places de garage à 250$/mois chacune, rénovations récentes sous-sol et salle de bain, libre 5 jours après acceptation du bail",https://mspublic.centris.ca/media.ashx?id=ADDD250DE603764DDDDDDDDDDD&t=pi&w=1260&h=1024&sm=c
2026-07-19,vu,"Appartement 5 1/2, Plateau-Mont-Royal (Marketplace)",Le Plateau-Mont-Royal,"n/d (Montréal, QC)",2200,n/d,2,n/d,n/d,n/d,n/d,Marketplace,https://www.facebook.com/marketplace/item/1552904606229687,2,"Annonce titre seulement, description non disponible via le scraper. Lien Facebook (connexion requise) pour plus de détails",https://scontent-yyz1-1.xx.fbcdn.net/v/t39.84726-6/720906013_1532570941905242_5666371068595538123_n.jpg?stp=c90.0.540.540a_dst-jpg_p180x540_tt6&_nc_cat=107&ccb=1-7&_nc_sid=92e707&_nc_ohc=YEDvMBzBavUQ7kNvwEkVbXh&_nc_oc=AdqtpC8qtzZHEdxPx9e94VcYtRcN6s4rYqZkBbexWTpuWv5UghDk5D0a0ySf9p9btAk&_nc_zt=14&_nc_ht=scontent-yyz1-1.xx&_nc_gid=TJJlLcUljG48fNVcDPZJaA&_nc_ss=7f2a8&oh=00_AQBrJbOYbvchb0Tq-5jSsFppBFkZ2xgQOdjHrsx0FadLHQ&oe=6A632614
2026-07-17,vu,Beau 5½ à Nouveau Rosemont (Marketplace),Rosemont-La Petite-Patrie,"n/d (secteur Nouveau-Rosemont, Montréal)",2000,n/d,2,n/d,n/d,n/d,n/d,Marketplace,https://www.facebook.com/marketplace/item/771126382598215,2,Peu de détails disponibles dans l'annonce (pas d'adresse exacte ni de superficie). Lien Facebook (connexion requise),https://scontent-yyz1-1.xx.fbcdn.net/v/t39.84726-6/674573089_942123441857660_1258864760862245194_n.jpg?stp=c89.0.540.540a_dst-jpg_p180x540_tt6&_nc_cat=109&ccb=1-7&_nc_sid=92e707&_nc_ohc=-PqFDWdPNa8Q7kNvwG9FoYC&_nc_oc=Adqy82S_lfHjbp4dkLyXqO9W2nrNBD-zKhYTIwlodmCwj46lhM9QhEG2rupuBRJOPVI&_nc_zt=14&_nc_ht=scontent-yyz1-1.xx&_nc_gid=8ft2OWSslHjx1ccZ2nFb1w&_nc_ss=7f2a8&oh=00_AQDV5R2cb2f6avoKzX1khDbQ_SvUKiySFkJsux9T10Rmdg&oe=6A6059BA
2026-07-16,vu,5-1/2 Rosemont (La Petite-Patrie),Rosemont-La Petite-Patrie,"n/d (Montréal, QC)",1950,n/d,2,n/d,n/d,n/d,n/d,Marketplace,https://www.facebook.com/marketplace/item/1249775127316090,2,"Annonce titre seulement, description non disponible via le scraper. Lien Facebook (connexion requise) pour plus de détails",https://scontent-yyz1-1.xx.fbcdn.net/v/t39.84726-6/671899528_1686294965723943_4545041476511987210_n.jpg?stp=c0.87.526.526a_dst-jpg_p526x395_tt6&_nc_cat=109&ccb=1-7&_nc_sid=92e707&_nc_ohc=xqmMQDvhJyAQ7kNvwH2BiIA&_nc_oc=Adrb6HhJ7AWRb5Vln_jWCEMjozYYhefbdIyqNV0qQcHSggRpyTjrMcklU7eB9de9Y0s&_nc_zt=14&_nc_ht=scontent-yyz1-1.xx&_nc_gid=POnFrCwMzHXIAMbS8hYJRQ&_nc_ss=7f2a8&oh=00_AQBeKgxbGCX6t2QjecZXjpQL0PuubZ84LadG2I8Gj_1mug&oe=6A5E87C9
2026-07-16,vu,5 1/2 lumineux à Rosemont - 2 chambres - Masson / Pie-IX,Rosemont-La Petite-Patrie,"n/d (secteur Masson / Pie-IX, Montréal)",1950,n/d,2,n/d,Pie-IX (mentionné dans le titre),verte,n/d,Marketplace,https://www.facebook.com/marketplace/item/2238212030311408,2,"Annonce titre seulement, description non disponible via le scraper ; secteur Masson/Pie-IX mentionné dans le titre mais distance exacte inconnue. Lien Facebook (connexion requise)",https://scontent-yyz1-1.xx.fbcdn.net/v/t39.84726-6/719804341_36311671888447568_3859659500532179340_n.jpg?stp=c90.0.540.540a_dst-jpg_p180x540_tt6&_nc_cat=107&ccb=1-7&_nc_sid=92e707&_nc_ohc=vtlzBRqRSRoQ7kNvwHzTYPO&_nc_oc=AdoFOL6FWNc1M9UybWVnYuEzJQJlAq6neF5rbnVhe9_6oLH2S29hP6IEKy2E7BpCLDg&_nc_zt=14&_nc_ht=scontent-yyz1-1.xx&_nc_gid=qCpowFOKCzme7PAXiFpzMA&_nc_ss=7f2a8&oh=00_AQB2Z-K5zeotniKSOg35MSVtER8_xPmH2m9kSVj-TPJ32A&oe=6A5E8CF7
2026-07-16,vu,"Location 4 et demi Plateau, pet friendly",Le Plateau-Mont-Royal,"n/d (Montréal, QC)",2150,n/d,2,n/d,n/d,n/d,n/d,Marketplace,https://www.facebook.com/marketplace/item/880670661257255,2,"Annonce titre seulement (prix affiché entre 2150$ et 2350$), description non disponible via le scraper, animaux acceptés. Lien Facebook (connexion requise)",https://scontent-yyz1-1.xx.fbcdn.net/v/t39.84726-6/739200097_2136278627323814_3520943268052786943_n.jpg?stp=c90.0.540.540a_dst-jpg_p180x540_tt6&_nc_cat=103&ccb=1-7&_nc_sid=92e707&_nc_ohc=gPcahdqySPYQ7kNvwGsYlqA&_nc_oc=Adr3EDMhZojMTr_b6P1fzAVXVarO60w-XBK6dTJaEUmqMft4FzmSbchZ5AfV6DC3Usw&_nc_zt=14&_nc_ht=scontent-yyz1-1.xx&_nc_gid=qCpowFOKCzme7PAXiFpzMA&_nc_ss=7f2a8&oh=00_AQBgwOGHm1ihFR3tvhrAE6VDaZym-txS_aF6xIBAwy5A1Q&oe=6A5EA1A8
2026-07-16,vu,5 1/2 Rosemont avec cour privée,Rosemont-La Petite-Patrie,"n/d (Montréal, QC)",2215,n/d,2,n/d,n/d,n/d,n/d,Marketplace,https://www.facebook.com/marketplace/item/1493110625829174,2,"Annonce titre seulement, description non disponible via le scraper ; cour privée mentionnée. Lien Facebook (connexion requise)",https://scontent-yyz1-1.xx.fbcdn.net/v/t45.5328-4/730530074_1035539099460685_3801485303896565628_n.jpg?stp=c313.0.540.540a_dst-jpg_p180x540_tt6&_nc_cat=110&ccb=1-7&_nc_sid=247b10&_nc_ohc=_9b7saLCWEUQ7kNvwHrw_2v&_nc_oc=AdoqEj5UFxI4lgfrZP0kbf8mdi_MJO6fIO-zv3fvQ5DsX656NtR6Rf8AiVxw-oho-l4&_nc_zt=23&_nc_ht=scontent-yyz1-1.xx&_nc_gid=qCpowFOKCzme7PAXiFpzMA&_nc_ss=7f2a8&oh=00_AQDqhmwAH6WdMqAuOtshO7wqRdBG7RkedN25_yaUpz5ikg&oe=6A5EB662
